firm,size,year,treshold,ROA3,ROA,FL,ETL,ROA2,ETLL,PPD,ROE,ROC,BVnK2,BVnK,GPM,PpDRG,RGSiD,NPA,RK,DAA,IADMA,IADMA2,KZP,KZP2,DZP,DZP2,ZFPP,IiPKKCHoSP,AR,ADA,AAA,RnSK,RnP,RnBA,EnR,OEnP,EnS,PPP,PPA,PPD,EDMA,EDMA2,OL,OL2,BL,NL,AL,AL2,PoOK,PoOK2,FM,VzGnSoD,FA,FLL,PnKZ,FS,OKP,InPoP,PRnK,OPnL,OPP,LP,DDkSK,ODA2,OKA,OKA2,ZnS,OnA2,OnB,SSnD,KSnDpDP,KSOLP,SSOLP,Unempoyment,Inlation,GDPgrove,GP,GP.index,EGP,KPEE
1,3,2013,500,0.024673,0.028101,0.208434,0.238058,0.015875,0.272389,0.220768,0.020862,0.026817,0.026817,0.017255,0.032148,0.042406,0.396456,0.063840,-0.025014,0.949148,0.006258,0.006389,0.328474,0.334555,0.671526,0.665445,0.000000,0.000000,0.037871,0.847560,0.804460,0.021044,0.070068,0.016183,1.033216,0.044572,0.699655,0.090361,0.050019,0.220768,0.694419,0.690260,0.670290,0.800211,0.571105,0.381793,0.089221,0.095047,-0.044328,-0.028862,-0.032526,1.078739,0.769035,0.225724,0.676630,0.973646,-0.108301,-0.134949,12.181159,0.354523,0.204225,0.043142,0.201680,0.591394,11.096622,8.650514,1.690921,0.553550,0.063326,1.473555,1.419020,0.020000,0.018333,12.900000,-1.600000,0.001536,-0.065055,1.345635,2.227299,1.014518
1,3,2012,500,0.046214,0.024673,0.225724,0.272389,0.036603,0.322075,0.262565,0.048386,0.050596,0.050596,0.040074,0.064017,0.082079,0.436033,0.077961,-0.007277,0.923362,0.006518,0.006637,0.340035,0.355626,0.659965,0.644374,0.000000,0.012135,0.034921,0.848546,0.783515,0.047866,0.146093,0.036053,1.068155,0.072489,0.798629,0.103187,0.065785,0.262565,0.793190,0.787465,0.913283,0.828034,0.815924,0.615688,0.100118,0.052734,-0.011588,-0.023361,-0.009661,1.211215,0.753217,0.240402,1.584155,0.992119,-0.029487,0.060615,10.916831,0.207301,0.147564,0.042622,0.216230,0.686780,8.193785,8.890190,1.456071,0.637530,0.095654,1.522050,1.483600,0.030000,0.113333,12.300000,4.200000,0.015862,0.249542,1.439266,1.996101,1.024021
1,3,2011,500,0.050961,0.046214,0.240402,0.322075,0.039545,0.349993,0.278574,0.053147,0.056017,0.056017,0.043469,0.072346,0.094983,0.494497,0.067656,-0.022745,0.933367,0.006754,0.005896,0.372143,0.352680,0.627857,0.647320,0.012495,-0.011661,0.036615,0.877754,0.819267,0.052329,0.165554,0.039761,1.077989,0.083944,0.745600,0.109609,0.066541,0.278574,0.737141,0.735490,0.745517,0.882961,0.635635,0.599390,0.006868,0.133947,-0.037263,-0.017402,-0.029934,1.080100,0.759829,0.239704,0.614269,0.975631,-0.094704,0.119170,10.188478,0.224086,0.164251,0.053102,0.198456,0.659652,9.160696,7.617021,1.515950,0.607078,0.088771,1.406451,1.511580,0.220000,0.195000,11.300000,2.800000,0.080085,0.151835,1.151835,2.181925,1.043590
1,3,2010,500,0.061703,0.050961,0.239704,0.349993,0.048623,0.323602,0.250062,0.069076,0.068632,0.068632,0.054083,0.099689,0.138920,0.479234,0.048641,0.001484,0.907374,0.005043,0.004863,0.335652,0.340963,0.664348,0.659037,0.000000,0.027446,0.039442,0.898922,0.815658,0.066772,0.179130,0.048641,1.110727,0.114412,0.661962,0.125860,0.067877,0.250062,0.655707,0.653643,1.016284,1.168504,0.897853,0.383420,0.257217,0.118403,0.002751,0.031543,0.002037,1.247409,0.728463,0.254050,1.519615,1.001636,0.005466,0.208462,9.971873,0.211898,0.165451,0.053540,0.247638,0.611438,5.824472,4.571674,1.635488,0.539308,0.108228,1.477377,1.472760,0.180000,0.200000,10.300000,4.500000,0.024457,-0.011877,1.000000,2.630467,0.998044
2,3,2013,500,0.057484,0.048762,0.592666,0.141010,0.032813,0.151834,0.100637,0.086500,0.070256,0.070256,0.040104,0.046087,0.057511,0.578669,0.086632,-0.098536,0.907163,0.026900,0.034201,0.316442,0.292885,0.683558,0.707115,0.037922,0.020000,0.029988,0.896266,0.813059,0.082922,0.054192,0.032774,1.048314,0.072781,0.970916,0.077150,0.060936,0.100637,0.945123,0.937302,0.485111,0.463242,0.453348,0.249140,0.102104,0.061728,-0.124908,-0.123535,-0.249311,1.188315,0.395233,0.596890,0.826694,0.891380,-0.162932,-0.061526,4.225384,0.429565,0.317241,0.045272,1.045947,0.862457,8.497340,9.379508,1.159478,0.789831,0.085209,1.473555,1.419020,0.020000,0.018333,12.900000,-1.600000,0.001536,-0.065055,1.345635,2.227299,1.014518
2,3,2012,500,0.058299,0.057484,0.596890,0.151834,0.031887,0.135784,0.084453,0.087434,0.073711,0.073711,0.040317,0.041723,0.051175,0.585704,0.057227,-0.096605,0.924442,0.041381,0.038907,0.270450,0.329100,0.729550,0.670900,0.055638,0.124727,0.026993,0.883277,0.816538,0.085930,0.049057,0.031229,1.043130,0.067757,1.032952,0.063801,0.054896,0.084453,0.990554,0.992346,0.438873,0.303512,0.396697,0.363221,0.016738,0.010664,-0.114646,-0.169243,-0.265824,1.136743,0.363419,0.635530,0.700634,0.895499,-0.151757,0.168874,4.808435,0.449742,0.335308,0.045148,1.277910,0.918714,11.152218,13.558983,1.088478,0.860415,0.077631,1.522050,1.483600,0.030000,0.113333,12.300000,4.200000,0.015862,0.249542,1.439266,1.996101,1.024021
2,3,2011,500,0.059269,0.058299,0.635530,0.135784,0.032262,0.140927,0.087998,0.082131,0.074476,0.078028,0.042473,0.047615,0.060697,0.601399,0.049868,-0.196745,0.949165,0.036424,0.030154,0.390530,0.373662,0.609470,0.626338,0.185960,0.007213,0.031487,0.899065,0.853361,0.088015,0.050819,0.032217,1.049995,0.078709,0.878140,0.074188,0.055865,0.087998,0.850514,0.851311,0.205327,0.234819,0.169385,0.156870,0.006258,0.005405,-0.261640,-0.244303,-0.537496,1.110615,0.366040,0.633392,0.375301,0.792718,-0.310343,0.202117,3.039097,0.455607,0.339280,0.047268,1.055566,0.798072,14.792394,13.338344,1.253020,0.753017,0.053709,1.406451,1.511580,0.220000,0.195000,11.300000,2.800000,0.080085,0.151835,1.151835,2.181925,1.043590
2,3,2010,500,0.043353,0.059269,0.633392,0.140927,0.015534,0.105798,0.055747,0.041398,0.052887,0.055333,0.019827,0.027494,0.036402,0.550042,0.031603,-0.171148,0.937909,0.023873,0.034740,0.357237,0.327560,0.642763,0.672440,0.188188,0.030044,0.034091,0.923294,0.865966,0.037052,0.023816,0.015549,1.028272,0.069179,0.739633,0.058023,0.036361,0.055747,0.708841,0.713536,0.266211,0.353767,0.223285,0.214290,0.004498,0.006525,-0.272841,-0.223275,-0.407828,1.133887,0.391269,0.608348,0.386280,0.894879,-0.262137,0.156058,3.598520,0.641520,0.447905,0.047388,1.000000,0.678658,10.102652,8.181503,1.473497,0.626675,0.081351,1.477377,1.472760,0.180000,0.200000,10.300000,4.500000,0.024457,-0.011877,1.000000,2.630467,0.998044
2,3,2009,500,0.048084,0.043353,0.608348,0.105798,0.018331,0.106247,0.054728,0.055273,0.061450,0.061498,0.023445,0.037202,0.051153,0.468812,0.017799,-0.108754,0.908926,0.045752,0.085011,0.298657,0.326319,0.701343,0.674498,0.212930,0.019563,0.036050,0.917997,0.834391,0.053787,0.026601,0.017799,1.038639,0.086210,0.692036,0.067616,0.037713,0.054728,0.621330,0.632750,0.455763,0.400594,0.380554,0.362780,0.008887,0.028974,-0.200817,-0.234405,-0.328648,1.270353,0.330912,0.668499,0.699695,0.880349,-0.162540,1.099954,4.004311,0.614097,0.451529,0.047974,1.418078,0.611159,5.946304,6.383348,1.636236,0.557758,0.137141,1.406695,1.364090,0.550000,2.405833,6.800000,0.600000,0.003161,0.115528,1.012020,2.521749,0.989960
3,3,2013,500,0.048840,0.032923,0.506565,0.115150,0.026790,0.143426,0.090720,0.058557,0.057828,0.057828,0.031720,0.047695,0.059693,0.443972,0.101958,-0.121894,0.956989,0.032724,0.033184,0.313529,0.286525,0.686471,0.713475,0.123725,0.053129,0.033212,0.881034,0.843140,0.056891,0.051275,0.026969,1.050083,0.078096,0.742372,0.075792,0.047399,0.090720,0.721139,0.715663,0.260823,0.270097,0.215890,0.200200,0.007845,0.005111,-0.193618,-0.181419,-0.257139,1.135384,0.474037,0.525349,0.544540,0.872628,-0.231753,-0.193345,5.064118,0.450968,0.330601,0.046892,0.761667,0.652788,14.637134,14.895784,1.531890,0.625382,0.054495,1.473555,1.419020,0.020000,0.018333,12.900000,-1.600000,0.001536,-0.065055,1.345635,2.227299,1.014518
3,3,2012,500,0.064959,0.048840,0.525349,0.143426,0.040170,0.163662,0.105861,0.092258,0.077027,0.077027,0.047633,0.058216,0.071529,0.516848,0.078029,-0.105130,0.959030,0.033637,0.030306,0.261444,0.277490,0.738556,0.722510,0.166154,0.080004,0.026206,0.880140,0.844081,0.090471,0.071426,0.039914,1.061255,0.083806,0.907441,0.076811,0.059537,0.105861,0.880512,0.877432,0.280426,0.255322,0.212425,0.208294,0.002065,0.007679,-0.136502,-0.150517,-0.238293,1.119994,0.441179,0.558688,0.684144,0.890379,-0.188128,0.054389,5.844614,0.378978,0.299962,0.048974,0.935494,0.807408,18.798300,19.377427,1.238532,0.775111,0.039905,1.522050,1.483600,0.030000,0.113333,12.300000,4.200000,0.015862,0.249542,1.439266,1.996101,1.024021
3,3,2011,500,0.078404,0.064959,0.558688,0.163662,0.050685,0.187276,0.123058,0.124249,0.100426,0.100426,0.064921,0.076522,0.096409,0.588982,0.066834,-0.128353,0.960981,0.026999,0.023701,0.293413,0.370377,0.706587,0.629623,0.244569,0.083807,0.027151,0.902218,0.867015,0.118582,0.089300,0.050939,1.082863,0.106502,0.848129,0.094876,0.069845,0.123058,0.829271,0.825702,0.233125,0.206860,0.158741,0.132682,0.012643,0.009442,-0.173481,-0.236260,-0.298796,1.183357,0.429569,0.569520,0.844560,0.866435,-0.225011,0.241224,4.974714,0.353470,0.291681,0.054264,0.938287,0.771154,18.962037,16.228726,1.296759,0.736172,0.032875,1.406451,1.511580,0.220000,0.195000,11.300000,2.800000,0.080085,0.151835,1.151835,2.181925,1.043590
3,3,2010,500,0.065828,0.078404,0.569520,0.187276,0.035761,0.127642,0.076172,0.093291,0.087258,0.087258,0.047403,0.056656,0.074136,0.520428,0.030413,-0.219049,0.948357,0.020432,0.023748,0.441226,0.398249,0.558774,0.601751,0.305616,0.046806,0.029186,0.919269,0.871795,0.078688,0.049573,0.030413,1.060059,0.094862,0.829982,0.079185,0.054949,0.076172,0.662382,0.807601,0.190781,0.313717,0.137034,0.122071,0.007482,0.005656,-0.371174,-0.242880,-0.566748,1.221667,0.386501,0.612715,0.499549,0.769023,-0.357048,0.509587,2.694243,0.458318,0.362812,0.046310,0.886952,0.751861,11.427541,9.006839,1.330033,0.693934,0.059423,1.477377,1.472760,0.180000,0.200000,10.300000,4.500000,0.024457,-0.011877,1.000000,2.630467,0.998044
4,3,2013,500,0.032229,0.029813,0.228792,0.231894,0.023115,0.244057,0.189013,0.030914,0.035489,0.035460,0.025432,0.045514,0.058373,0.402309,0.089903,-0.009886,0.930396,0.009038,0.006830,0.339259,0.361211,0.654316,0.635830,0.000000,0.000000,0.035119,0.884844,0.823255,0.030443,0.099486,0.023310,1.047685,0.057084,0.685964,0.077784,0.043915,0.189013,0.685881,0.681278,0.875631,0.790580,0.839962,0.798927,0.020518,0.015427,-0.017364,-0.033802,-0.012911,1.076222,0.765695,0.233054,0.623106,0.987756,-0.042193,-0.045514,11.561237,0.282051,0.184497,0.043585,0.200223,0.608411,8.179885,7.836643,1.643625,0.564579,0.114407,1.473555,1.419020,0.020000,0.018333,12.900000,-1.600000,0.001536,-0.065055,1.345635,2.227299,1.014518
4,3,2012,500,0.039542,0.032229,0.233054,0.244057,0.031511,0.232885,0.190202,0.042629,0.046505,0.046505,0.037059,0.057072,0.072243,0.392784,0.068545,-0.028129,0.925558,0.004653,0.005943,0.379947,0.574038,0.620053,0.425962,0.000000,0.241446,0.031401,0.890512,0.824220,0.042248,0.114249,0.030843,1.060715,0.065982,0.716022,0.087536,0.052459,0.190202,0.709007,0.711766,0.725764,0.456137,0.687515,0.664421,0.011547,0.005641,-0.047954,-0.135868,-0.038530,1.175028,0.730038,0.269096,1.021410,0.969609,-0.104195,0.117572,8.749338,0.206174,0.146040,0.032355,0.229290,0.643209,7.879682,8.775563,1.554705,0.599284,0.118201,1.522050,1.483600,0.030000,0.113333,12.300000,4.200000,0.015862,0.249542,1.439266,1.996101,1.024021
4,3,2011,500,0.041970,0.039542,0.269096,0.232885,0.032419,0.257922,0.206440,0.045168,0.052916,0.052916,0.040874,0.060275,0.078687,0.429924,0.060912,-0.137078,0.938135,0.007244,0.006290,0.791816,0.732887,0.208184,0.267113,0.256179,-0.030018,0.034139,0.908072,0.851894,0.040160,0.119680,0.030070,1.064142,0.071023,0.703079,0.094631,0.055921,0.206440,0.639375,0.698657,0.310970,0.361982,0.268359,0.248284,0.002461,0.004096,-0.250094,-0.223345,-0.183076,1.153494,0.748750,0.250883,0.459785,0.853882,-0.545585,0.104637,4.026551,0.228880,0.162277,0.039175,0.069858,0.638760,8.859642,7.891671,1.565532,0.590930,0.091012,1.406451,1.511580,0.220000,0.195000,11.300000,2.800000,0.080085,0.151835,1.151835,2.181925,1.043590
4,3,2010,500,0.050246,0.041970,0.250883,0.257922,0.038472,0.221854,0.168023,0.056563,0.062251,0.062251,0.047665,0.071506,0.098792,0.511971,0.058490,-0.126021,0.909899,0.005140,0.022282,0.678524,0.602978,0.321476,0.397022,0.207474,-0.024560,0.029475,0.911509,0.829381,0.055008,0.117692,0.037487,1.077013,0.084369,0.727805,0.092226,0.054925,0.168023,0.697111,0.711588,0.416899,0.543778,0.338818,0.327105,0.005856,0.007136,-0.217168,-0.147738,-0.184922,1.229998,0.681483,0.317654,0.588818,0.861500,-0.395648,0.000000,3.627022,0.233315,0.180384,0.040019,0.150254,0.665319,6.440468,5.678856,1.503038,0.595547,0.124007,1.477377,1.472760,0.180000,0.200000,10.300000,4.500000,0.024457,-0.011877,1.000000,2.630467,0.998044
5,3,2013,500,0.068328,0.041955,0.570354,0.122315,0.043108,0.163126,0.115889,0.119383,0.089293,0.082810,0.062815,0.076969,0.102040,0.443700,0.152130,-0.171993,0.917154,0.070703,0.063035,0.440717,0.393007,0.559248,0.606976,0.133493,0.017172,0.036076,0.858512,0.787388,0.113317,0.082653,0.047793,1.083387,0.101470,0.796827,0.107919,0.067396,0.115889,0.731506,0.742440,0.325092,0.383283,0.282149,0.188164,0.046992,0.035300,-0.276988,-0.231840,-0.407796,1.171973,0.421762,0.573126,0.443488,0.812449,-0.297443,-0.012544,2.923963,0.318959,0.246369,0.038710,0.766732,0.686262,7.495090,6.940283,1.457170,0.624510,0.096510,1.473555,1.419020,0.020000,0.018333,12.900000,0.890094,0.001536,-0.065055,1.345635,2.227299,1.014518
5,3,2012,500,0.059332,0.063369,0.573126,0.163126,0.036749,0.142267,0.096114,0.094866,0.075301,0.075301,0.046639,0.062607,0.079923,0.442259,0.110531,-0.117266,0.902797,0.055133,0.067387,0.347757,0.346161,0.652243,0.653839,0.143341,0.163802,0.033545,0.871087,0.786415,0.093535,0.058130,0.035850,1.065964,0.090994,0.831053,0.093185,0.060761,0.096114,0.763281,0.770786,0.453227,0.424320,0.382330,0.339838,0.021246,0.012298,-0.184351,-0.187231,-0.305952,1.239024,0.383281,0.614964,0.719500,0.870109,-0.190145,0.158263,3.662689,0.380618,0.290253,0.039692,1.049491,0.716519,6.544037,7.246213,1.395636,0.652044,0.121744,1.522050,1.483600,0.030000,0.113333,12.300000,2.954568,0.015862,0.249542,1.439266,1.996101,1.024021
5,3,2011,500,0.071018,0.059332,0.614964,0.142267,0.046204,0.162610,0.109841,0.121090,0.087942,0.087942,0.057214,0.087246,0.115192,0.482900,0.104903,-0.127147,0.917606,0.079884,0.066743,0.344459,0.311184,0.655541,0.688816,0.321994,-0.034198,0.037721,0.861114,0.790163,0.115715,0.074505,0.045323,1.095585,0.120647,0.737493,0.115718,0.068117,0.109841,0.672075,0.684360,0.393211,0.443025,0.297779,0.292189,0.002669,0.002991,-0.220198,-0.182094,-0.324622,1.143523,0.391678,0.608103,0.426499,0.861436,-0.209013,0.252323,3.772322,0.349325,0.277952,0.044460,1.018132,0.643507,7.008069,6.904170,1.553985,0.588642,0.107001,1.406451,1.511580,0.220000,0.195000,11.300000,4.219903,0.080085,0.151835,1.151835,2.181925,1.043590
5,3,2010,500,0.069917,0.071018,0.608103,0.162610,0.043223,0.149346,0.095971,0.131614,0.085387,0.085387,0.052787,0.097269,0.137168,0.420752,0.072911,-0.086438,0.911763,0.053112,0.058995,0.277725,0.269771,0.722275,0.730229,0.289482,0.059763,0.042074,0.893886,0.815012,0.113447,0.066928,0.042095,1.107750,0.142049,0.610285,0.125921,0.061979,0.095971,0.556647,0.572447,0.505150,0.564274,0.342859,0.331303,0.003392,0.002580,-0.180322,-0.160388,-0.232955,1.169572,0.371051,0.628730,0.490516,0.905197,-0.137432,-0.003966,4.724909,0.381760,0.307522,0.045927,1.224292,0.548252,5.432550,4.814501,1.823980,0.492202,0.121962,1.477377,1.472760,0.180000,0.200000,10.300000,2.438991,0.024457,-0.011877,1.000000,2.630467,0.998044
5,3,2009,500,0.079379,0.069917,0.628730,0.149346,0.050275,0.134183,0.084706,0.205479,0.098652,0.098652,0.062482,0.102644,0.142794,0.450080,0.046879,-0.071036,0.883000,0.065222,0.110292,0.262406,0.258643,0.737594,0.741357,0.325628,0.040331,0.030297,0.910166,0.803676,0.165407,0.065420,0.046879,1.114413,0.145767,0.709850,0.119540,0.065097,0.084706,0.591516,0.631303,0.622222,0.633169,0.524346,0.520776,0.001785,0.003558,-0.139897,-0.131599,-0.250643,1.410275,0.283414,0.716491,0.939428,0.919552,-0.099131,0.279846,4.318129,0.366231,0.313591,0.042079,1.864938,0.621430,4.339929,4.402429,1.609191,0.544562,0.193512,1.406695,1.364090,0.550000,2.405833,6.800000,2.753202,0.003161,0.115528,1.012020,2.521749,0.989960
5,3,2008,500,0.057964,0.079379,0.716491,0.134183,0.023397,0.087514,0.040612,0.113942,0.076065,0.076065,0.030703,0.051667,0.070840,0.507607,-0.005086,-0.072390,0.868563,0.161863,0.191584,0.254746,0.299453,0.745254,0.700547,0.378239,0.023901,0.025165,0.837810,0.727690,0.107800,0.026930,0.021547,1.054482,0.116370,0.702715,0.070837,0.035284,0.040612,0.528836,0.567737,0.644846,0.511756,0.496454,0.480827,0.005450,0.009008,-0.157807,-0.233254,-0.362169,1.190584,0.199880,0.799898,0.486408,0.916655,-0.090474,0.583260,3.906106,0.598777,0.505161,0.044208,2.983261,0.567174,3.490072,4.090215,1.763129,0.498104,0.216070,1.337227,1.387310,5.770000,5.117500,5.600000,12.348720,0.146414,0.330241,0.907212,2.907131,1.055668
5,3,2007,500,0.047441,0.057964,0.799898,0.087514,0.013975,0.072992,0.031322,0.071316,0.073148,0.073148,0.021548,0.034825,0.049076,0.520702,-0.018599,-0.168203,0.889693,0.226024,0.190767,0.353361,0.437092,0.646639,0.562908,0.482443,0.033112,0.036512,0.773492,0.688170,0.059287,0.015934,0.012558,1.036082,0.123876,0.529128,0.071735,0.027473,0.031322,0.387059,0.427926,0.396062,0.297360,0.359189,0.334989,0.012100,0.019279,-0.488752,-0.644787,-0.794071,1.391882,0.211824,0.787460,0.437557,0.810942,-0.213408,0.354163,2.590525,0.735994,0.580823,0.042395,2.406079,0.427664,3.119902,3.664664,2.338284,0.382972,0.280891,1.429038,1.331220,4.580000,3.924167,6.900000,8.402534,0.192506,0.069444,0.681991,3.778226,1.000000
6,2,2014,700,0.053121,0.033538,0.629998,0.122272,0.012888,0.159481,0.083955,0.036994,0.057573,0.057573,0.013968,0.010691,0.011805,1.249200,0.123169,0.046420,0.927584,0.109431,0.114051,0.040843,0.118665,0.959157,0.881335,0.017828,0.101051,0.028098,0.877891,0.814318,0.036322,0.020746,0.013204,1.010807,0.038160,1.697275,0.037466,0.052155,0.083955,1.537589,1.493250,2.785714,0.876302,2.769841,2.523810,0.119048,0.029948,0.032547,-0.006871,0.127696,1.043415,0.363524,0.635348,2.825397,1.050044,0.072934,-0.074069,37.468254,0.747475,0.451220,0.071961,1.679342,1.493250,19.695157,20.543834,0.669680,1.392066,0.048170,1.474000,1.483000,0.020000,0.035000,11.400000,-1.418184,0.017866,-0.042470,1.288486,2.197621,1.018173
6,2,2013,700,0.056730,0.053121,0.635348,0.159481,0.014818,0.146442,0.071450,0.044240,0.065540,0.065540,0.017119,0.011755,0.012938,1.217453,0.102262,-0.062930,0.936676,0.118413,0.229238,0.189548,0.202112,0.810452,0.797888,0.112784,0.094618,0.022053,0.881587,0.825762,0.045347,0.022734,0.015143,1.011895,0.039486,2.018656,0.032414,0.046570,0.071450,1.567499,1.555903,0.501558,0.565497,0.498442,0.473520,0.012461,0.018611,-0.042861,-0.040651,-0.188457,1.083885,0.333923,0.665551,1.124611,0.932815,-0.094479,0.360175,6.920561,0.731118,0.487903,0.071450,1.616608,1.554931,23.186335,18.901266,0.643115,1.436736,0.041789,1.473555,1.419020,0.020000,0.018333,12.900000,0.890094,0.001536,-0.065055,1.345635,2.227299,1.014518
6,2,2012,700,0.061556,0.056730,0.665551,0.146442,0.049102,0.112057,0.086525,0.131500,0.075821,0.075821,0.060481,0.035142,0.049334,1.092168,0.088169,-0.054069,0.911831,0.338436,0.461247,0.214184,0.300267,0.785816,0.699733,0.201135,0.116474,0.012483,0.660744,0.602487,0.123388,0.062411,0.041447,1.036422,0.050246,2.491037,0.055566,0.068073,0.086525,1.135499,1.342054,0.619868,0.457888,0.617219,0.569536,0.023841,0.049229,-0.052286,-0.083257,-0.160965,1.056212,0.335908,0.662949,0.498013,0.940702,-0.081418,0.413962,6.030464,0.200000,0.156962,0.017589,1.553561,1.340579,11.728632,14.220207,0.745946,1.225086,0.081618,1.522050,1.483600,0.030000,0.113333,12.300000,2.954568,0.015862,0.249542,1.439266,1.996101,1.024021
6,2,2011,700,0.049905,0.061556,0.662949,0.112057,0.025989,0.133971,0.075120,0.058610,0.062923,0.062923,0.032769,0.028659,0.034571,2.513342,0.102108,-0.171640,0.916781,0.638673,0.613084,0.445455,0.371721,0.554545,0.628279,0.495694,0.171563,0.016581,0.361003,0.330961,0.056942,0.042584,0.024364,1.029505,0.044024,3.125604,0.040443,0.045846,0.075120,1.160191,1.209346,0.326531,0.300635,0.324382,0.184748,0.069817,0.052929,-0.161515,-0.127640,-0.401152,1.134745,0.427868,0.564381,0.601504,0.812780,-0.300000,0.094446,2.923738,0.429245,0.325000,0.043541,0.741523,1.208781,12.769737,18.225352,0.827280,1.133596,0.061051,1.406451,1.511580,0.220000,0.195000,11.300000,4.219903,0.080085,0.151835,1.151835,2.181925,1.043590
6,2,2010,700,0.076661,0.049905,0.564381,0.133971,0.048331,0.195703,0.128339,0.108844,0.084257,0.084257,0.053119,0.046840,0.053549,2.475294,0.069149,-0.113892,0.961827,0.585231,0.574561,0.282230,0.162139,0.717770,0.837861,0.791521,0.189305,0.020064,0.414769,0.398936,0.103121,0.088269,0.047559,1.049142,0.067973,2.708667,0.062306,0.070270,0.128339,1.153871,1.152372,0.251029,0.236332,0.251029,0.209877,0.020576,0.038801,-0.102622,-0.061037,-0.246947,1.129276,0.461202,0.537351,1.057613,0.881588,-0.211382,0.160668,5.576132,0.369403,0.293769,0.057491,0.838535,1.152372,29.073770,52.940299,0.867776,1.127822,0.031576,1.477377,1.472760,0.180000,0.200000,10.300000,2.438991,0.024457,-0.011877,1.000000,2.630467,0.998044
6,2,2009,700,0.056957,0.076661,0.537351,0.195703,0.028901,0.152676,0.092958,0.069831,0.061848,0.061848,0.031382,0.029195,0.035522,2.049031,0.041694,-0.022301,0.996122,0.563920,0.534445,0.045634,0.134903,0.954366,0.865097,0.954366,-0.146814,0.023086,0.436080,0.434389,0.067475,0.050141,0.028765,1.030073,0.057395,2.233102,0.053992,0.053580,0.092958,0.991564,1.039633,0.148148,0.574949,0.148148,-0.148148,0.148148,0.158111,-0.022579,-0.033868,-0.052312,1.063563,0.426309,0.572031,2.814815,0.977612,-0.038873,0.262810,37.197531,0.492308,0.354244,0.054085,1.284306,1.039633,254.666667,21.828571,0.961878,0.992369,0.000000,1.406695,1.364090,0.550000,2.405833,6.800000,2.753202,0.003161,0.115528,1.012020,2.521749,0.989960
6,2,2008,700,0.036781,0.056957,0.572031,0.152676,0.008494,0.093733,0.052316,0.016393,0.040420,0.040420,0.009335,0.005889,0.009503,1.831855,0.035563,-0.045024,0.912561,0.501966,0.343700,0.221253,0.186866,0.778747,0.813134,0.778747,-0.892904,0.020463,0.498034,0.454486,0.016260,0.010899,0.006525,1.005924,0.035785,1.698842,0.039669,0.040773,0.052316,0.865213,1.114950,0.660099,0.867925,0.660099,0.339901,0.160099,0.179245,-0.057025,-0.011570,-0.112195,1.292525,0.401305,0.590000,1.783251,0.950661,-0.075204,0.588969,6.549261,0.770833,0.430233,0.040327,1.161789,1.114950,9.029851,13.152174,0.896901,1.027819,0.083884,1.337227,1.387310,5.770000,5.117500,5.600000,12.348720,0.146414,0.330241,0.907212,2.907131,1.055668
6,2,2007,700,0.048098,0.036781,0.590000,0.093733,0.028221,0.370968,0.276498,0.038753,0.051393,0.051393,0.030154,0.031657,0.038842,1.322284,0.038321,0.049878,0.939173,0.056995,0.028637,0.041475,0.235892,0.958525,0.764108,0.958525,-0.349887,0.047436,0.943005,0.885645,0.038017,0.105991,0.027981,1.032692,0.051477,1.020436,0.078792,0.073620,0.276498,0.986399,0.991214,5.555556,0.894737,5.555556,4.333333,0.611111,0.148325,0.053841,-0.007223,0.067769,1.096677,0.736010,0.259032,8.888889,1.053109,0.188940,9.431507,90.333333,0.413793,0.223602,0.082949,0.343802,0.991214,15.230000,16.288770,1.008864,0.934356,0.058437,1.429038,1.331220,4.580000,3.924167,6.900000,8.402534,0.192506,0.069444,0.681991,3.778226,1.000000
7,2,2014,700,0.021634,0.034421,0.687788,0.111184,-0.006142,0.096980,0.053339,-0.019675,0.059251,0.061305,-0.016888,-0.006830,-0.008099,0.944599,0.000000,-0.563969,0.874962,0.229068,0.277494,0.991404,0.922991,0.008596,0.077009,0.608993,-0.104688,0.040858,0.761996,0.666718,-0.019871,-0.008816,-0.006107,0.993217,0.023162,1.512972,0.038603,0.037156,0.053339,1.100404,1.086576,0.178746,0.169891,0.161627,0.104936,0.028235,0.024184,-0.589249,-0.547535,-1.835072,0.987027,0.307328,0.686595,-0.021787,0.358053,-0.814194,-0.003972,0.456203,1.272152,0.482014,0.044302,0.019374,1.080676,7.797264,8.923843,0.925347,0.963942,0.095550,1.474000,1.483000,0.020000,0.035000,11.400000,-1.418184,0.017866,-0.042470,1.288486,2.197621,1.018173
7,2,2013,700,0.011946,0.022294,0.686595,0.096980,-0.013375,0.075288,0.035948,-0.041498,0.025480,0.028684,-0.028586,-0.014708,-0.017518,1.037561,0.000000,-0.489654,0.906578,0.324718,0.314109,0.852815,0.783802,0.147185,0.216198,0.518652,0.096416,0.036539,0.669733,0.607165,-0.042377,-0.019670,-0.013434,0.985505,0.013870,1.561980,0.025262,0.024445,0.035948,1.077371,1.066057,0.159332,0.165412,0.140509,0.101803,0.019353,0.018234,-0.503813,-0.458135,-1.544569,1.102627,0.317017,0.679369,0.209173,0.460569,-0.716934,-0.125226,0.716861,2.103448,0.556231,0.041375,0.317097,1.061920,10.472546,11.013123,0.941690,0.968531,0.072609,1.473555,1.419020,0.020000,0.018333,12.900000,0.890094,0.001536,-0.065055,1.345635,2.227299,1.014518
7,2,2012,700,0.066914,0.013421,0.679369,0.075288,0.035291,0.168450,0.109492,0.112537,0.120653,0.120872,0.063749,0.034031,0.042263,1.033962,-0.011021,-0.397367,0.915812,0.303721,0.282811,0.714318,0.648889,0.285682,0.351111,0.618939,0.089976,0.032385,0.692462,0.634165,0.106542,0.051901,0.034900,1.035230,0.060083,1.692742,0.066852,0.074452,0.109492,1.206001,1.208330,0.172721,0.169244,0.141173,0.107393,0.016890,0.018419,-0.360806,-0.332245,-1.213084,1.105062,0.327568,0.669753,0.253983,0.567441,-0.590940,0.219905,1.081899,0.466119,0.312672,0.051673,0.586449,1.205799,13.274908,14.774127,0.829326,1.114813,0.054204,1.522050,1.483600,0.030000,0.113333,12.300000,2.954568,0.015862,0.249542,1.439266,1.996101,1.024021
7,2,2011,700,0.042852,0.066914,0.669753,0.168450,0.011051,0.120867,0.068365,0.037836,0.068262,0.068330,0.017622,0.012949,0.015870,0.989650,-0.022386,-0.342048,0.931590,0.261821,0.285571,0.584674,0.525836,0.415326,0.474164,0.696604,-0.024626,0.038858,0.735171,0.684878,0.037134,0.015862,0.011115,1.013119,0.046677,1.382722,0.051882,0.047630,0.068365,0.992428,0.983246,0.165075,0.172277,0.108903,0.068399,0.020252,0.021744,-0.370465,-0.335622,-1.142782,1.028246,0.299311,0.698185,0.076806,0.633675,-0.488159,0.172798,1.440963,0.741830,0.420370,0.050715,0.972280,0.981609,13.652778,14.315534,1.018735,0.918620,0.039335,1.406451,1.511580,0.220000,0.195000,11.300000,4.219903,0.080085,0.151835,1.151835,2.181925,1.043590
7,2,2010,700,0.030761,0.042852,0.698185,0.120867,0.002355,0.095887,0.054762,0.008181,0.041672,0.041725,0.003195,0.000747,0.000972,0.987992,-0.024454,-0.274570,0.938864,0.308887,0.314497,0.468831,0.367696,0.531169,0.632304,0.650649,0.056670,0.044274,0.688427,0.646340,0.008148,0.003247,0.002322,1.000747,0.038954,1.227034,0.050308,0.039727,0.054762,0.830690,0.837051,0.180979,0.203298,0.149123,0.102031,0.023546,0.019490,-0.352754,-0.264168,-0.963607,1.092101,0.284940,0.712793,0.236842,0.708045,-0.383983,0.080808,1.982918,0.980488,0.454751,0.043506,1.332971,0.834897,12.829082,14.834808,1.197753,0.790413,0.054086,1.477377,1.472760,0.180000,0.200000,10.300000,2.438991,0.024457,-0.011877,1.000000,2.630467,0.998044
7,2,2009,700,0.045193,0.030761,0.712793,0.095887,0.011568,0.119551,0.065393,0.041364,0.058784,0.058862,0.015067,0.015329,0.022707,0.820046,-0.032664,-0.140695,0.952996,0.320195,0.400017,0.262697,0.320964,0.737303,0.679036,0.733258,0.020616,0.044039,0.677479,0.645634,0.040526,0.016629,0.011791,1.015567,0.062132,1.307022,0.062540,0.045490,0.065393,0.780443,0.778289,0.244654,0.261325,0.205304,0.181352,0.011976,0.018932,-0.189770,-0.234795,-0.483571,1.108818,0.290950,0.708400,0.464500,0.853871,-0.198427,0.171450,4.368691,0.758730,0.450943,0.053708,1.796824,0.774983,16.269231,12.038810,1.290350,0.728112,0.048571,1.406695,1.364090,0.550000,2.405833,6.800000,2.753202,0.003161,0.115528,1.012020,2.521749,0.989960
7,2,2008,700,0.006320,0.045193,0.708400,0.119551,-0.032599,0.062316,0.008812,-0.105946,0.008286,0.012709,-0.042874,-0.037549,-0.068694,1.044790,-0.001381,-0.199755,0.924670,0.479399,0.489131,0.375367,0.342703,0.624633,0.657297,0.704574,-0.248889,0.040691,0.517505,0.478521,-0.111872,-0.041125,-0.030071,0.963810,0.014627,1.443839,0.010574,0.006985,0.008812,0.662552,0.728607,0.272219,0.361023,0.240358,0.193404,0.023477,0.056432,-0.327795,-0.229481,-0.743151,1.079681,0.268794,0.729463,0.201230,0.784636,-0.273185,0.357949,2.643376,4.406780,0.912281,0.054553,1.699201,0.724421,8.156057,7.712621,1.380413,0.662221,0.097684,1.337227,1.387310,5.770000,5.117500,5.600000,12.348720,0.146414,0.330241,0.907212,2.907131,1.055668
7,2,2007,700,-0.034646,0.009663,0.729463,0.062316,-0.057887,0.018545,-0.013206,-0.129172,-0.041699,-0.038716,-0.069897,-0.060873,-0.128671,1.302362,0.047213,-0.094607,0.896859,0.501019,0.463745,0.298960,0.306492,0.701040,0.693508,0.652430,-0.556834,0.036590,0.498077,0.446704,-0.138090,-0.075583,-0.048847,0.942620,-0.050940,1.342051,-0.016068,-0.010114,-0.013206,0.595966,0.708147,0.510338,0.583969,0.493421,0.269737,0.111842,0.080789,-0.178120,-0.111795,-0.267454,1.122498,0.353732,0.638456,0.385338,0.899575,-0.146389,0.042038,4.175752,-0.769231,6.000000,0.033717,1.280801,0.700515,5.386740,6.372549,1.427521,0.631136,0.138803,1.429038,1.331220,4.580000,3.924167,6.900000,8.402534,0.192506,0.069444,0.681991,3.778226,1.000000
8,1,2013,700,-0.018505,-0.021062,0.091461,0.190244,-0.019294,0.260606,0.248485,-0.021017,-0.019770,-0.019688,-0.020626,-0.050171,-0.063401,0.298807,-0.024816,0.092332,0.852224,0.077991,0.075568,0.742424,0.780749,0.257576,0.219251,0.578788,-0.347594,0.092291,0.922613,0.786273,-0.021241,-0.266667,-0.019674,0.952226,-0.048724,0.490191,0.047564,0.017979,0.248485,0.460470,0.453148,2.685714,2.349315,2.502041,2.469388,0.016327,0.017123,0.239559,0.228538,0.099686,0.977263,0.926224,0.072947,-0.212245,1.109129,1.251515,-0.082979,17.257143,-0.047619,0.046512,0.012121,0.020517,0.445190,2.620061,2.513120,2.246230,0.378195,0.353248,1.473555,1.419020,0.020000,0.018333,12.900000,0.890094,0.001536,-0.065055,1.345635,2.227299,1.014518
8,1,2012,700,-0.023042,-0.018417,0.072947,0.260606,-0.024016,0.160287,0.148325,-0.025895,-0.024619,-0.024514,-0.025671,-0.058268,-0.070656,0.304726,0.000000,0.080663,0.845988,0.073221,0.068176,0.811005,0.882265,0.188995,0.117735,0.145933,0.047690,0.085813,0.927536,0.784685,-0.026235,-0.265550,-0.023876,0.944940,-0.056383,0.513241,0.032979,0.013414,0.148325,0.486417,0.478250,2.106195,2.138514,2.073746,2.038348,0.017699,0.018581,0.199468,0.179255,0.088632,1.036842,0.910088,0.088736,0.227139,1.095856,0.897129,0.033535,12.713864,-0.047170,0.074627,0.011962,0.018672,0.471532,2.633053,2.969984,2.120745,0.406926,0.370745,1.522050,1.483600,0.030000,0.113333,12.300000,2.954568,0.015862,0.249542,1.439266,1.996101,1.024021
8,1,2011,700,0.028659,-0.022934,0.088736,0.160287,0.028352,0.675889,0.648221,0.030895,0.030688,0.030693,0.030364,0.048343,0.062853,0.328350,0.095103,0.065071,0.879434,0.063297,0.079890,1.000000,0.798755,0.000000,0.197095,0.304348,-0.319502,0.046233,0.937392,0.824374,0.019116,0.328063,0.018063,1.050799,0.046124,0.833448,0.090159,0.056020,0.648221,0.455091,0.766863,2.181818,2.649351,2.150198,2.110672,0.019763,0.083117,0.164376,0.174546,0.068862,1.077390,0.944940,0.054031,0.604743,1.074487,1.181818,0.292822,17.162055,0.011111,0.005848,0.003953,0.000000,0.752897,3.295290,3.566667,1.328202,0.621668,0.296317,1.406451,1.511580,0.220000,0.195000,11.300000,4.219903,0.080085,0.151835,1.151835,2.181925,1.043590
8,1,2010,700,0.085833,0.028659,0.054031,0.675889,0.085833,0.663755,0.637555,0.105156,0.091393,0.091393,0.091393,0.076384,0.102830,1.706924,0.265079,0.266667,0.627778,0.168675,0.208097,0.576419,0.326531,0.414847,0.668934,0.000000,0.000000,0.032625,0.840708,0.527778,0.099903,0.449782,0.081746,1.082701,0.073205,2.523767,0.103767,0.121667,0.637555,1.883534,1.998580,3.545455,6.270833,3.439394,3.030303,0.204545,1.083333,0.238806,0.269723,0.325897,1.092077,0.818254,0.163828,0.977273,1.423515,1.467249,-0.033654,8.530303,0.000000,0.000000,0.000000,0.092144,1.882274,3.006410,3.116279,0.531272,1.173478,0.303483,1.477377,1.472760,0.180000,0.200000,10.300000,2.438991,0.024457,-0.011877,1.000000,2.630467,0.998044
8,1,2009,700,0.087796,0.085833,0.163828,0.663755,0.087796,0.688679,0.660377,0.113895,0.092764,0.092166,0.092166,0.072109,0.098422,2.154267,0.205263,0.371053,0.617544,0.252648,0.169118,0.056604,0.204981,0.943396,0.766284,0.000000,0.000000,0.029326,0.762784,0.471053,0.107759,0.471698,0.087719,1.077713,0.068681,2.863324,0.096154,0.122915,0.660377,2.202723,2.379085,36.250000,9.009346,35.000000,13.500000,10.750000,3.252336,0.290522,0.294299,0.455819,1.026903,0.814035,0.082097,3.916667,1.602273,1.995283,0.080921,94.000000,0.000000,0.000000,0.000000,0.215517,2.217822,3.347126,3.020747,0.450893,1.278876,0.199863,1.406695,1.364090,0.550000,2.405833,6.800000,2.753202,0.003161,0.115528,1.012020,2.521749,0.989960
8,1,2008,700,0.154737,0.087796,0.082097,0.688679,0.154737,0.600000,0.558065,0.194831,0.172030,0.167617,0.167617,0.112439,0.193237,1.745098,0.076450,0.381371,0.535149,0.071048,0.045596,0.306452,0.373402,0.645161,0.511509,0.000000,0.000000,0.020586,0.934319,0.500000,0.177536,0.474194,0.129174,1.126683,0.109131,2.912432,0.128434,0.182105,0.558065,2.392540,2.791710,5.568421,5.719178,5.463158,0.852632,2.305263,2.472603,0.322197,0.255754,0.524155,1.032775,0.727592,0.099021,0.494737,1.688013,1.400000,2.670300,10.821053,0.000000,0.000000,0.000000,0.241546,2.529577,2.546314,3.226347,0.395323,1.417895,0.222717,1.337227,1.387310,5.770000,5.117500,5.600000,12.348720,0.146414,0.330241,0.907212,2.907131,1.055668
9,1,2013,700,0.015284,0.007823,0.285604,0.080169,0.015284,0.125571,0.118721,0.023140,0.017115,0.017122,0.017122,0.019048,0.023715,1.656523,0.000000,0.314202,0.628403,0.458880,0.448687,0.175799,0.315113,0.824201,0.684887,0.000000,0.000000,0.025081,0.549180,0.345107,0.022801,0.047945,0.015453,1.019417,0.017045,2.666667,0.042208,0.037846,0.118721,1.468415,1.470167,6.545455,3.534014,6.467532,1.584416,2.441558,1.360544,0.346591,0.302354,0.463626,0.999361,0.677704,0.213493,-0.012987,1.501171,0.974886,-0.174263,16.649351,0.000000,0.000000,0.000000,0.391965,1.442623,2.444444,2.371511,0.693182,0.896979,0.251623,1.473555,1.419020,0.020000,0.018333,12.900000,0.890094,0.001536,-0.065055,1.345635,2.227299,1.014518
9,1,2012,700,0.013991,0.015284,0.213493,0.125571,0.013991,0.137374,0.121212,0.021554,0.016927,0.016927,0.016927,0.017751,0.022167,1.800563,0.000000,0.228942,0.614831,0.438471,0.452607,0.438384,0.494229,0.561616,0.505771,0.000000,0.000000,0.027443,0.570258,0.350612,0.021253,0.038384,0.013679,1.018072,0.012735,3.229437,0.040214,0.044183,0.121212,1.782557,1.767773,2.465438,2.106157,2.447005,0.493088,0.976959,0.821656,0.213137,0.174598,0.355705,1.055655,0.643629,0.240442,0.428571,1.372365,0.642424,0.115097,5.400922,0.000000,0.000000,0.000000,0.310962,1.730858,2.788785,3.008065,0.577748,1.098675,0.213807,1.522050,1.483600,0.030000,0.113333,12.300000,2.954568,0.015862,0.249542,1.439266,1.996101,1.024021
9,1,2011,700,0.051730,0.013991,0.240442,0.137374,0.050247,0.237991,0.218341,0.081605,0.067022,0.067058,0.065136,0.044300,0.065891,1.973484,0.000000,0.152977,0.655614,0.466510,0.382560,0.554585,0.593783,0.445415,0.406217,0.000000,0.000000,0.026585,0.543678,0.356443,0.070196,0.133188,0.045968,1.046353,0.046936,3.047836,0.074738,0.082372,0.218341,1.572268,1.881857,1.799213,1.741877,1.728346,0.350394,0.688976,0.555957,0.151719,0.153587,0.233602,1.046235,0.654861,0.245660,0.275591,1.233333,0.443231,0.249300,4.224409,0.028571,0.018349,0.004367,0.234753,1.830369,2.927790,2.773057,0.546338,1.102596,0.197309,1.406451,1.511580,0.220000,0.195000,11.300000,4.219903,0.080085,0.151835,1.151835,2.181925,1.043590
9,1,2010,700,0.022953,0.051730,0.245660,0.237991,0.022953,0.128421,0.124211,0.036036,0.027990,0.028008,0.028008,0.021818,0.028504,1.985849,0.000000,0.188919,0.537693,0.257443,0.269398,0.631579,0.495690,0.368421,0.504310,0.000000,0.000000,0.034387,0.751689,0.404178,0.035144,0.046316,0.019982,1.022305,0.020542,2.565269,0.055089,0.061555,0.124211,1.875657,1.867480,1.693333,2.101449,1.086667,0.200000,0.443333,0.602899,0.194211,0.177404,0.332268,1.028854,0.568574,0.353306,0.116667,1.353041,0.437895,0.226804,2.670000,0.000000,0.000000,0.000000,0.279553,1.798489,2.108268,2.954483,0.556022,1.117954,0.180205,1.477377,1.472760,0.180000,0.200000,10.300000,2.438991,0.024457,-0.011877,1.000000,2.630467,0.998044
9,1,2009,700,0.024145,0.022953,0.353306,0.128421,0.024145,0.203620,0.194570,0.036145,0.029557,0.029581,0.029581,0.021299,0.029455,1.632446,-0.002451,0.210784,0.734069,0.281250,0.220138,0.203620,0.551515,0.796380,0.448485,0.000000,0.000000,0.027203,0.724541,0.531863,0.030252,0.081448,0.022059,1.021763,0.020619,2.218551,0.049255,0.057679,0.194570,1.515625,1.723593,4.822222,1.567766,4.711111,1.377778,1.666667,0.556777,0.197022,0.088774,0.289076,0.979678,0.729167,0.197031,-0.533333,1.287145,0.778281,0.256115,17.133333,0.000000,0.000000,0.000000,0.295798,1.644068,4.023041,4.079439,0.608247,1.171812,0.156930,1.406695,1.364090,0.550000,2.405833,6.800000,2.753202,0.003161,0.115528,1.012020,2.521749,0.989960
9,1,2008,700,0.024911,0.024145,0.197031,0.203620,0.024911,0.127737,0.116788,0.038835,0.036506,0.036601,0.036601,0.022193,0.030142,1.653417,-0.023704,-0.025185,0.685926,0.139588,0.184408,0.832117,0.885856,0.167883,0.114144,0.000000,0.000000,0.024032,0.868251,0.595556,0.034913,0.051095,0.020741,1.022697,0.020144,2.555147,0.046043,0.056940,0.116788,1.590389,2.083958,0.925439,1.123249,0.916667,0.241228,0.337719,0.481793,-0.024460,0.031655,-0.042394,1.178273,0.594074,0.329431,0.561404,0.965443,-0.062044,0.695122,1.960526,0.000000,0.000000,0.000000,0.114713,1.927878,3.293839,3.466334,0.518705,1.238859,0.189928,1.337227,1.387310,5.770000,5.117500,5.600000,12.348720,0.146414,0.330241,0.907212,2.907131,1.055668
9,1,2007,700,0.020487,0.024911,0.329431,0.127737,0.020487,0.162791,0.155039,0.028319,0.028319,0.028470,0.028470,0.021077,0.027692,2.836584,-0.053452,0.135857,0.574610,0.269565,0.329670,1.000000,1.000000,0.000000,0.000000,0.000000,0.000000,0.028708,0.759690,0.436526,0.025000,0.062016,0.017817,1.021531,0.019512,3.360656,0.048780,0.051216,0.155039,1.782609,2.252747,1.472868,1.643519,1.403101,-0.069767,0.736434,1.046296,0.148780,0.169512,0.190625,1.108225,0.712695,0.096045,0.387597,1.240310,0.472868,2.153846,2.480620,0.000000,0.000000,0.000000,0.000000,1.938534,2.157895,2.309859,0.515854,1.053985,0.209756,1.429038,1.331220,4.580000,3.924167,6.900000,8.402534,0.192506,0.069444,0.681991,3.778226,1.000000
10,1,2014,700,-0.019048,-0.044167,0.067439,0.071429,-0.019048,0.191489,0.205674,-0.022305,-0.022305,-0.022424,-0.022424,-0.029948,-0.035714,0.577149,-0.065299,-0.002799,0.867537,0.037778,0.030995,1.000000,1.000000,0.000000,0.000000,0.375887,-0.329193,0.063211,0.943011,0.818097,-0.022556,-0.148936,-0.019590,0.970923,-0.027379,0.861314,0.037810,0.026304,0.205674,0.852222,0.834149,0.978723,0.925466,0.872340,0.858156,0.007092,0.236025,-0.003911,-0.015645,-0.003222,0.882172,0.868470,0.130719,-0.815603,1.001075,-0.021277,0.359929,6.602837,0.000000,0.000000,0.000000,0.000000,0.808645,5.557971,5.147651,1.236636,0.698861,0.159061,1.474000,1.483000,0.020000,0.035000,11.400000,-1.418184,0.017866,-0.042470,1.288486,2.197621,1.018173
10,1,2013,700,-0.061313,-0.019048,0.130719,0.191489,-0.062112,-0.143646,-0.116022,-0.070922,-0.070010,-0.070122,-0.071138,-0.134039,-0.160338,0.384973,0.000000,-0.018535,0.853486,0.024494,0.014354,1.000000,1.000000,0.000000,0.000000,0.000000,0.128571,0.076205,0.958635,0.818182,-0.073529,-0.386740,-0.061783,0.881804,-0.122340,0.608743,-0.037234,-0.018634,-0.116022,0.600639,0.599681,0.883978,1.125000,0.883978,0.055249,0.414365,0.300000,-0.037234,0.031028,-0.022059,1.157317,0.840247,0.100189,0.712707,0.984488,-0.116022,-0.350978,5.259669,-0.013333,-0.038462,0.005525,0.000000,0.583549,3.525000,3.580952,1.713652,0.501779,0.150709,1.473555,1.419020,0.020000,0.018333,12.900000,0.890094,0.001536,-0.065055,1.345635,2.227299,1.014518
10,1,2012,700,-0.046482,-0.061224,0.100189,-0.143646,-0.050320,0.020202,0.010101,-0.056110,-0.051831,-0.051306,-0.056057,-0.072165,-0.085020,0.548876,-0.100803,0.049955,0.861731,0.004246,0.002080,1.000000,0.991736,0.000000,0.000000,0.181818,0.297521,0.057692,0.983437,0.847458,-0.057730,-0.595960,-0.052632,0.932692,-0.062140,0.905680,0.001151,0.000853,0.010101,0.922505,0.903796,1.565657,1.575000,1.565657,1.383838,0.090909,0.104167,0.064442,0.079402,0.054795,1.045198,0.911686,0.080935,0.484848,1.057971,0.565657,-0.075532,10.323232,-0.086207,-1.250000,0.050505,0.000000,0.883579,5.606452,4.597884,1.131761,0.741151,0.168009,1.522050,1.483600,0.030000,0.113333,12.300000,2.954568,0.015862,0.249542,1.439266,1.996101,1.024021
10,1,2011,700,-0.048780,-0.046055,0.080935,0.020202,-0.055862,-0.069930,-0.125874,-0.063592,-0.055531,-0.054440,-0.063365,-0.077577,-0.091364,0.707111,-0.034314,0.066993,0.817810,0.000000,0.001026,0.986014,0.967638,0.000000,0.000000,0.377622,0.258900,0.052268,0.993007,0.812092,-0.065680,-0.496503,-0.058007,0.928008,-0.064894,0.965588,-0.019149,-0.014162,-0.125874,0.958206,0.964597,1.581560,1.846154,1.581560,1.354610,0.113475,0.073579,0.087234,0.134574,0.075856,1.094812,0.883170,0.105132,0.751773,1.079920,0.573427,0.374269,7.666667,-0.158730,-1.000000,0.069930,0.000000,0.945674,4.215247,3.405797,1.057447,0.740157,0.220213,1.406451,1.511580,0.220000,0.195000,11.300000,4.219903,0.080085,0.151835,1.151835,2.181925,1.043590
10,1,2010,700,0.007351,-0.047994,0.105132,-0.069930,-0.002297,0.367470,0.301205,-0.002601,0.008322,0.008801,-0.002588,-0.008734,-0.011385,0.545549,-0.029590,0.129742,0.748862,0.002066,0.003582,0.951807,0.947541,0.000000,0.000000,0.566265,0.013115,0.076479,0.988855,0.740516,-0.002604,-0.018072,-0.002276,0.991342,0.014912,0.702619,0.073099,0.038285,0.301205,0.706612,0.700102,2.082278,2.141869,2.075949,2.000000,0.037975,0.027682,0.250000,0.241228,0.148438,1.040523,0.874052,0.121951,0.196203,1.167173,1.030120,-0.152416,7.291139,1.750000,0.229508,0.084337,0.000000,0.688129,2.079027,2.210016,1.453216,0.524741,0.470760,1.477377,1.472760,0.180000,0.200000,10.300000,2.438991,0.024457,-0.011877,1.000000,2.630467,0.998044
10,1,2009,700,-0.024312,0.007810,0.121951,0.367470,-0.030685,0.179856,0.122302,-0.033163,-0.026276,-0.025435,-0.033065,-0.049566,-0.057554,0.700046,0.000000,0.122875,0.773570,0.005071,0.074975,0.942446,0.931579,0.000000,0.000000,0.690647,-1.010526,0.059032,0.993007,0.768161,-0.033766,-0.280576,-0.030139,0.952774,-0.037175,0.883899,0.021066,0.013375,0.122302,0.818458,0.817629,2.213740,2.994350,2.213740,2.175573,0.015267,0.129944,0.197026,0.218711,0.137662,0.934493,0.892581,0.106037,-0.488550,1.153846,1.143885,-0.462716,8.816794,-0.290323,0.473684,0.064748,0.000000,0.804586,2.782759,3.045283,1.242875,0.636435,0.355638,1.406695,1.364090,0.550000,2.405833,6.800000,2.753202,0.003161,0.115528,1.012020,2.521749,0.989960
10,1,2008,700,0.051020,-0.023603,0.106037,0.179856,0.051020,2.215686,2.058824,0.055746,0.055746,0.055698,0.055698,0.048602,0.056589,1.682768,0.000000,0.155449,0.805288,0.144737,0.098351,0.901961,0.976852,0.000000,0.000000,0.000000,0.000000,0.027992,0.856716,0.689904,0.054302,1.274510,0.052083,1.051085,0.043276,1.894073,0.069907,0.082418,2.058824,1.520243,1.707789,5.217391,3.545024,5.195652,4.282609,0.456522,0.502370,0.129161,0.178762,0.162072,1.118509,0.959135,0.024450,4.217391,1.191045,3.803922,0.333925,26.021739,0.000000,0.000000,0.000000,0.000000,1.671675,6.258333,4.016043,0.598202,1.180354,0.145140,1.337227,1.387310,5.770000,5.117500,5.600000,12.348720,0.146414,0.330241,0.907212,2.907131,1.055668
10,1,2007,700,0.063149,0.051020,0.024450,2.215686,0.063149,0.678788,0.630303,0.069091,0.069091,0.069091,0.069091,0.074600,0.090615,1.834354,0.000000,0.263846,0.609231,0.038911,0.074571,1.000000,1.000000,0.000000,0.000000,0.000000,0.000000,0.026871,0.935606,0.570000,0.066960,0.460606,0.058462,1.080614,0.067496,1.814666,0.092362,0.086415,0.630303,1.460441,1.679344,3.078788,4.937198,3.072727,2.042424,0.515152,1.362319,0.304618,0.361901,0.302203,0.935172,0.873077,0.065844,-0.569697,1.433081,2.078788,-0.088997,6.878788,0.000000,0.000000,0.000000,0.000000,1.625993,2.216535,2.203523,0.615009,0.935604,0.374778,1.429038,1.331220,4.580000,3.924167,6.900000,8.402534,0.192506,0.069444,0.681991,3.778226,1.000000
11,2,2014,700,0.039190,0.072079,0.242069,0.452652,0.023397,0.232838,0.169144,0.033992,0.056770,0.056845,0.033937,0.021670,0.025388,1.625125,0.000000,-0.207815,0.894316,0.458044,0.445239,0.996461,0.993504,0.003539,0.006496,0.566171,-0.072176,0.025778,0.541708,0.484458,0.033646,0.073602,0.023091,1.022150,0.033162,2.336224,0.045498,0.053768,0.169144,1.304121,1.295757,0.335227,0.280421,0.279830,0.259943,0.009943,0.008355,-0.178184,-0.188559,-0.302815,1.046481,0.686279,0.311581,0.201705,0.768620,-0.662420,-0.105720,2.198864,0.402062,0.237082,0.055202,0.001618,1.295438,11.129237,13.608808,0.771940,1.182842,0.072340,1.473555,1.483000,0.020000,0.035000,11.400000,-1.418184,0.017866,-0.042470,1.288486,2.197621,1.018173
11,2,2013,700,0.017463,0.039190,0.311581,0.232838,0.004720,0.159057,0.110457,0.006956,0.025593,0.025627,0.006926,0.004047,0.004532,1.700082,0.000000,-0.238258,0.930689,0.432598,0.438365,0.990427,0.988116,0.009573,0.011884,0.515464,0.000000,0.021842,0.567369,0.528044,0.006935,0.015464,0.004788,1.004064,0.013228,2.560593,0.025536,0.033712,0.110457,1.439706,1.438120,0.223048,0.254333,0.156877,0.143494,0.006691,0.006013,-0.177903,-0.179435,-0.345112,1.024027,0.690378,0.308202,0.127138,0.744978,-0.769514,-0.084904,2.260967,0.724138,0.291667,0.046392,0.004293,1.437592,19.580000,16.339360,0.695608,1.321336,0.034389,1.522050,1.419020,0.020000,0.018333,12.900000,0.890094,0.001536,-0.065055,1.345635,2.227299,1.014518
11,2,2012,700,0.015307,0.017463,0.308202,0.159057,0.002014,0.129075,0.083832,0.002998,0.022582,0.022612,0.002975,0.001686,0.001869,1.799507,0.000000,-0.235542,0.906271,0.444118,0.450529,0.986028,0.981924,0.013972,0.018076,0.465735,-0.198499,0.017961,0.555746,0.503656,0.002990,0.005988,0.001994,1.001689,0.010656,2.875252,0.019629,0.028197,0.083832,1.569821,1.579867,0.282726,0.278222,0.234818,0.224022,0.005398,0.004863,-0.165602,-0.161863,-0.353156,0.991592,0.666962,0.331853,-0.044534,0.741076,-0.707252,0.150358,2.045209,0.857143,0.340206,0.043912,0.006977,1.579478,15.319809,16.027466,0.633120,1.437787,0.052968,1.406451,1.483600,0.030000,0.113333,12.300000,2.954568,0.015862,0.249542,1.439266,1.996101,1.024021
11,2,2011,700,0.012453,0.015307,0.331853,0.129075,0.002042,0.099370,0.062281,0.003030,0.018377,0.018401,0.003017,0.001925,0.002160,2.017172,0.000000,-0.229430,0.912749,0.457023,0.555711,0.977607,0.988178,0.022393,0.011822,0.286214,0.056328,0.014025,0.542843,0.495479,0.003005,0.006298,0.002034,1.001928,0.009839,3.198624,0.015950,0.020188,0.062281,1.382215,1.421113,0.273443,0.335679,0.220472,0.211883,0.004295,0.010908,-0.181900,-0.169176,-0.338898,1.056355,0.676989,0.322091,0.266285,0.749629,-0.710287,0.228263,2.166786,0.822581,0.359155,0.035689,0.010684,1.420751,14.607330,11.698113,0.703853,1.266886,0.054122,1.477377,1.511580,0.220000,0.195000,11.300000,4.219903,0.080085,0.151835,1.151835,2.181925,1.043590
11,2,2010,700,0.014702,0.012453,0.322091,0.099370,0.001712,0.085003,0.043538,0.002466,0.021125,0.021143,0.002463,0.001675,0.001960,3.146492,0.000000,-0.198725,0.868882,0.660115,0.698025,0.998618,0.995196,0.001382,0.004804,0.338632,-0.016013,0.011997,0.339796,0.295242,0.002376,0.004838,0.001593,1.023136,0.013229,4.126249,0.013867,0.015411,0.043538,1.190514,1.246023,0.395848,0.352373,0.342561,0.307958,0.017301,0.011665,-0.192164,-0.177196,-0.296334,1.055606,0.670612,0.325549,0.210381,0.772334,-0.603317,0.018610,2.040138,0.880597,0.479675,0.040774,0.000679,1.245511,7.942308,10.372146,0.802884,1.111981,0.103456,1.406695,1.472760,0.180000,0.200000,10.300000,2.438991,0.024457,-0.011877,1.000000,2.630467,0.998044
11,2,2009,700,0.014492,0.014702,0.325549,0.085003,0.002893,0.120837,0.073264,0.004101,0.020438,0.020445,0.004082,0.002594,0.003014,4.346647,0.000000,-0.194819,0.919376,0.739643,0.722049,0.990485,1.020286,0.009515,0.012448,0.447193,-0.078377,0.014304,0.260207,0.239228,0.004026,0.010466,0.002908,1.002601,0.012354,4.764957,0.017265,0.020252,0.073264,1.283084,1.324425,0.292027,0.389968,0.229587,0.221902,0.003842,0.005423,-0.165247,-0.151345,-0.269766,1.025159,0.722178,0.277057,0.140250,0.788384,-0.701237,-0.204849,2.634006,0.803279,0.385827,0.046622,0.003660,1.323442,14.671053,10.336037,0.755605,1.173221,0.052691,1.337227,1.364090,0.550000,2.405833,6.800000,2.753202,0.003161,0.115528,1.012020,2.521749,0.989960
11,2,2008,700,0.014584,0.014492,0.277057,0.120837,0.006365,0.119857,0.087657,0.009009,0.020482,0.020486,0.008941,0.004415,0.005033,5.888695,0.000000,-0.160429,0.853703,0.703283,0.676211,1.048301,1.015115,0.015206,0.019503,0.344365,-0.224281,0.012792,0.296444,0.253075,0.008735,0.020572,0.006019,1.004435,0.009396,5.674254,0.017472,0.027121,0.087657,1.721080,1.835406,0.476962,0.533622,0.407850,0.393345,0.006826,0.020173,-0.109289,-0.086557,-0.232814,1.015697,0.701946,0.296554,0.096416,0.812385,-0.548301,0.168542,2.261092,0.559322,0.246269,0.029517,0.006457,1.834205,10.033989,10.097210,0.545195,1.552235,0.083616,1.429038,1.387310,5.770000,5.117500,5.600000,12.348720,0.146414,0.330241,0.907212,2.907131,1.055668
12,2,2013,700,0.001887,-0.001406,0.505183,0.078994,-0.011239,0.075800,0.048105,-0.024140,0.002084,0.003336,-0.012417,-0.025418,-0.030138,0.363231,-0.013574,0.048359,0.840889,0.025263,0.081976,0.208065,0.177544,0.791935,0.822456,0.839592,0.020109,0.077668,0.973736,0.818803,-0.024435,-0.021469,-0.011428,0.975228,0.006893,0.613420,0.057492,0.025182,0.048105,0.554349,0.562046,1.436639,1.931301,1.436639,0.520307,0.457951,0.328954,0.108577,0.201738,0.103397,1.292351,0.467702,0.507309,1.156860,1.057509,0.090849,-0.033658,8.029133,4.474820,0.376437,0.027859,0.901310,0.536289,2.799211,2.390301,1.864666,0.438016,0.243260,1.473555,1.419020,0.020000,0.018333,12.900000,0.890094,0.001536,-0.065055,1.345635,2.227299,1.014518
12,2,2012,700,0.006906,0.003019,0.507309,0.075800,-0.007209,0.070167,0.043195,-0.014442,0.007384,0.008177,-0.007707,-0.015255,-0.017957,0.414176,-0.002076,0.127067,0.793403,0.140286,0.106263,0.148246,0.129149,0.851754,0.870851,0.825642,-0.172598,0.064747,0.864265,0.685711,-0.014547,-0.012569,-0.006743,0.984974,0.016044,0.712947,0.051970,0.024774,0.043195,0.589812,0.635858,2.597738,3.267488,2.597738,2.287413,0.155162,1.099879,0.284973,0.307682,0.274130,1.083765,0.463530,0.530679,0.515468,1.160155,0.236858,0.363594,11.573956,1.898507,0.389706,0.027345,0.985785,0.604445,2.158275,2.255430,1.654410,0.476693,0.435658,1.522050,1.483600,0.030000,0.113333,12.300000,2.954568,0.015862,0.249542,1.439266,1.996101,1.024021
12,2,2011,700,0.008689,0.007648,0.530679,0.070167,-0.009060,0.083527,0.044461,-0.015154,0.010269,0.011338,-0.010708,-0.021268,-0.026316,0.392518,0.005359,0.169182,0.783183,0.066479,0.093827,0.103569,0.382745,0.896431,0.617255,0.904053,-0.467645,0.071457,0.935142,0.732387,-0.015270,-0.017930,-0.008247,0.979175,0.023251,0.588013,0.054454,0.022466,0.044461,0.505798,0.531651,4.551622,1.096083,4.551622,-1.270806,2.911214,0.579082,0.450518,0.035844,0.313262,1.150564,0.540064,0.372984,1.276738,1.216018,0.367837,0.273955,19.992956,1.846503,0.472901,0.039028,0.763431,0.496298,1.732000,2.445575,2.014919,0.412572,0.208084,1.406451,1.511580,0.220000,0.195000,11.300000,4.219903,0.080085,0.151835,1.151835,2.181925,1.043590
12,2,2010,700,0.027546,0.009593,0.372984,0.083527,0.017532,0.155850,0.117172,0.025127,0.036785,0.036785,0.023412,0.052153,0.066184,0.399798,0.016585,-0.173400,0.889946,0.124122,0.340255,0.854630,0.830962,0.145370,0.169038,0.899053,-1.042871,0.062731,0.855028,0.760929,0.024815,0.050003,0.016585,1.056016,0.072524,0.691165,0.108162,0.041082,0.117172,0.439803,0.454759,0.388260,0.399533,0.388260,0.185511,0.101374,0.122662,-0.482612,-0.397080,-0.259452,1.198141,0.668331,0.311896,0.225833,0.805156,-0.522811,0.675365,2.527906,0.357849,0.206678,0.031735,0.072142,0.422183,3.264717,3.784933,2.368639,0.379817,0.226329,1.477377,1.472760,0.180000,0.200000,10.300000,2.438991,0.024457,-0.011877,1.000000,2.630467,0.998044
12,2,2009,700,0.016329,0.027546,0.311896,0.155850,0.005039,0.126579,0.083162,0.006162,0.019248,0.019248,0.005940,0.020593,0.025589,0.529257,0.006745,-0.125499,0.910530,0.571606,0.497327,0.798279,0.832602,0.201721,0.167398,0.000000,0.000000,0.075189,0.461491,0.420201,0.006143,0.016668,0.004489,1.021026,0.060491,0.669635,0.093140,0.025142,0.083162,0.280994,0.335469,0.416199,0.873392,0.416199,0.107937,0.154131,0.458333,-0.521955,-0.071135,-0.171750,1.273109,0.730709,0.244250,0.335990,0.862169,-0.466036,0.096758,3.651830,0.690529,0.327788,0.041491,0.074341,0.311158,2.687390,2.037838,3.213805,0.269940,0.234305,1.406695,1.364090,0.550000,2.405833,6.800000,2.753202,0.003161,0.115528,1.012020,2.521749,0.989960
12,2,2008,700,0.032858,0.016329,0.244250,0.126579,0.032057,0.640297,0.606425,0.033448,0.034284,0.034284,0.033448,0.110088,0.138133,0.567709,0.002887,0.116826,0.812516,0.387324,0.558585,1.000000,1.000000,0.000000,0.000000,0.000000,0.000000,0.047282,0.645617,0.524574,0.032897,0.432692,0.030573,1.123706,0.111701,1.067007,0.152733,0.044928,0.606425,0.379430,0.469065,2.653409,7.126363,2.653409,-0.696241,1.642701,5.767134,0.416424,0.865898,0.125708,1.292235,0.929342,-0.051375,1.113636,1.143783,1.653409,3.191234,13.152753,0.025761,0.018771,0.012019,0.000000,0.418019,1.496376,0.992814,2.392234,0.294163,0.238373,1.337227,1.387310,5.770000,5.117500,5.600000,12.348720,0.146414,0.330241,0.907212,2.907131,1.055668
13,2,2014,,0.039364,0.059352,0.680421,0.154554,0.037691,0.120234,0.111579,0.127283,0.079583,0.078246,0.074920,0.036500,0.046051,1.038970,0.000999,-0.315570,0.713572,0.000000,0.000000,0.845614,0.717973,0.154386,0.282027,0.000000,0.000000,0.038643,0.943291,0.673106,0.128902,0.052164,0.037136,1.037882,0.034140,1.640495,0.069921,0.080622,0.111579,1.609342,1.565397,0.475795,0.505686,0.475795,0.272199,0.099032,0.141137,-0.277778,-0.216652,-1.095376,0.985864,0.288093,0.693643,-0.030152,0.557760,-0.443275,-0.036441,0.661134,0.042308,0.021401,0.002573,0.381503,1.531485,3.966279,4.511905,0.652961,1.143384,0.196717,1.474000,1.483000,0.020000,0.035000,11.400000,-1.418184,0.017866,-0.042470,1.288486,2.197621,1.018173
13,2,2013,500,0.045103,0.039364,0.693643,0.120234,0.043324,0.137148,0.126542,0.114822,0.059593,0.058970,0.056644,0.041205,0.052295,0.976614,0.001716,-0.182052,0.793411,0.000000,0.000000,0.583374,0.390476,0.416626,0.609524,0.000000,0.000000,0.036544,0.926038,0.734729,0.148253,0.064874,0.045127,1.042976,0.038672,1.644599,0.072458,0.084507,0.126542,1.581416,1.571936,0.551374,1.028794,0.551374,0.140381,0.205497,0.167683,-0.149859,0.006003,-0.598083,1.065665,0.304393,0.667915,0.214376,0.748919,-0.261717,-0.074026,1.464271,0.039216,0.021583,0.002960,0.952086,1.538963,5.429448,4.662496,0.649788,1.157052,0.115537,1.473555,1.419020,0.020000,0.018333,12.900000,0.890094,0.001536,-0.065055,1.345635,2.227299,1.014518
13,2,2012,500,0.063701,0.045103,0.667915,0.137148,0.061954,0.193383,0.178266,0.146435,0.083379,0.075441,0.073372,0.054901,0.069078,0.984458,0.146206,0.181530,0.725012,0.000000,0.000000,0.167427,0.269171,0.832573,0.590915,0.000000,0.000000,0.033155,0.947127,0.686678,0.136445,0.109241,0.060668,1.058090,0.051504,1.733590,0.081742,0.101100,0.178266,1.687486,1.658748,2.952300,1.589583,2.952300,2.921635,0.015332,0.005208,0.149882,0.074026,0.408265,1.011378,0.444638,0.554727,0.168654,1.251038,0.326868,0.204853,9.754685,0.027523,0.017699,0.003423,1.039900,1.642888,4.412002,5.010485,0.608684,1.237217,0.225477,1.522050,1.483600,0.030000,0.113333,12.300000,2.954568,0.015862,0.249542,1.439266,1.996101,1.024021
13,2,2011,500,0.068051,0.063701,0.554727,0.193383,0.066151,0.180314,0.165977,0.168157,0.099935,0.088543,0.086071,0.064970,0.086504,0.930069,0.090398,-0.002314,0.781854,0.000000,0.000000,0.367521,0.381235,0.357320,0.474043,0.000000,0.000000,0.037748,0.948848,0.741861,0.155116,0.103667,0.062138,1.069484,0.060952,1.459018,0.094863,0.105911,0.165977,1.353669,1.395185,0.989497,0.830354,0.989497,0.987997,0.000750,0.009890,-0.002206,-0.035140,-0.005776,1.003192,0.400595,0.599339,0.017254,0.786303,-0.003860,0.215942,2.790698,0.028037,0.018349,0.003309,0.534653,1.382119,4.811221,5.814017,0.723527,1.116664,0.207690,1.406451,1.511580,0.220000,0.195000,11.300000,4.219903,0.080085,0.151835,1.151835,2.181925,1.043590
13,2,2010,500,0.059419,0.068051,0.599339,0.180314,0.056462,0.166106,0.152340,0.143941,0.095433,0.100784,0.095769,0.057164,0.077334,0.933729,0.051157,-0.081249,0.837314,0.000000,0.000000,0.396452,0.675169,0.603548,0.379054,0.000000,0.000000,0.044475,0.945642,0.791800,0.134277,0.084124,0.051721,1.060630,0.055451,1.294074,0.095421,0.102248,0.152340,1.183715,1.233223,0.666667,0.297723,0.664352,0.625772,0.019290,0.018764,-0.082774,-0.268921,-0.210938,1.046777,0.385180,0.613001,0.195988,0.903190,-0.132151,0.011826,3.102623,0.050000,0.029466,0.004894,0.963379,1.220819,6.040509,8.771429,0.819122,1.071663,0.160184,1.477377,1.472760,0.180000,0.200000,10.300000,2.438991,0.024457,-0.011877,1.000000,2.630467,0.998044
13,2,2009,500,0.049982,0.059419,0.613001,0.166106,0.040578,0.165221,0.142210,0.098846,0.104443,0.113709,0.092316,0.035563,0.047194,1.004523,0.023734,-0.536844,0.926311,0.000000,0.000000,1.018861,0.950742,0.102226,0.115416,0.000000,0.000000,0.041858,0.940947,0.871609,0.094191,0.062995,0.037749,1.036875,0.039880,1.477302,0.073090,0.091605,0.142210,1.272010,1.397643,0.120696,0.165402,0.120696,0.083673,0.018512,0.011489,-0.460450,-0.373207,-1.339538,1.181949,0.400769,0.594650,0.326916,0.498780,-0.895888,-0.066256,0.756757,0.188596,0.098174,0.016220,0.152848,1.381360,15.822086,13.520315,0.723924,1.253311,0.053509,1.406695,1.364090,0.550000,2.405833,6.800000,2.753202,0.003161,0.115528,1.012020,2.521749,0.989960
13,2,2008,500,0.040590,0.049982,0.594650,0.165221,0.028413,0.170377,0.143117,0.067589,0.075969,0.075969,0.053178,0.020140,0.027446,1.476989,0.000000,-0.387444,0.885211,0.000000,0.000000,0.868696,0.803455,0.131304,0.196545,0.000000,0.000000,0.037534,0.927893,0.821382,0.065380,0.047706,0.027581,1.020554,0.027154,1.804344,0.057024,0.085239,0.143117,1.660854,1.694219,0.228556,0.226031,0.228033,0.224895,0.001569,0.002034,-0.267017,-0.241130,-0.918431,0.936705,0.421854,0.577813,-0.234310,0.562315,-0.670150,0.418957,0.991109,0.303030,0.133333,0.022717,0.179950,1.670649,12.640732,14.200514,0.598570,1.494791,0.078385,1.337227,1.387310,5.770000,5.117500,5.600000,12.348720,0.146414,0.330241,0.907212,2.907131,1.055668
13,2,2007,500,0.044489,0.040590,0.577813,0.170377,0.030874,0.186270,0.153145,0.068918,0.071996,0.071996,0.049963,0.030730,0.046154,1.272486,0.023438,-0.331752,0.904855,0.000000,0.000000,0.734518,0.692114,0.265482,0.307886,0.000000,0.000000,0.057860,0.924453,0.836496,0.066622,0.048008,0.027902,1.031704,0.037015,1.372466,0.081942,0.098487,0.153145,1.218466,1.325954,0.222876,0.205253,0.222222,0.216993,0.002614,0.006061,-0.305420,-0.252633,-0.792139,1.188238,0.418806,0.580726,0.468627,0.633364,-0.570811,0.287794,1.342484,0.289941,0.126289,0.023524,0.368421,1.304188,11.416422,15.326772,0.766761,1.201914,0.086309,1.429038,1.331220,4.580000,3.924167,6.900000,8.402534,0.192506,0.069444,0.681991,3.778226,1.000000
14,3,2014,250,0.044571,0.055706,0.401303,0.313394,0.032586,0.189379,0.155336,0.069519,0.081060,0.081060,0.059262,0.056110,0.071250,0.506546,0.135173,-0.369330,0.842004,0.039280,0.038801,0.996562,0.847301,0.003438,0.152699,0.769226,-0.109408,0.080751,0.961898,0.809922,0.065993,0.058723,0.031073,1.059445,0.065658,0.829165,0.126976,0.086196,0.155336,0.794798,0.796993,0.299617,0.262091,0.299310,-0.068252,0.183781,0.121488,-0.570542,-0.489314,-0.784383,1.108450,0.470854,0.478617,0.146922,0.561367,-0.697974,-0.041093,0.896359,0.258716,0.128908,0.024000,0.003864,0.769639,4.097138,5.753903,1.299310,0.678838,0.094112,1.474000,1.483000,0.020000,0.035000,11.400000,-1.418184,0.017866,-0.042470,1.288486,2.197621,1.018173
14,3,2013,250,0.040479,0.044571,0.478617,0.189379,0.027002,0.201801,0.167975,0.059854,0.074222,0.074222,0.049510,0.040396,0.050722,0.513990,0.071365,-0.291198,0.926133,0.038319,0.046724,0.684144,0.828288,0.315856,0.171712,0.726342,0.135474,0.085859,0.961815,0.890769,0.058115,0.050794,0.027104,1.042097,0.054603,0.878028,0.120450,0.089293,0.167975,0.833448,0.837004,0.202339,0.156728,0.201958,0.157357,0.022301,0.018057,-0.391317,-0.517144,-0.624361,1.179601,0.466393,0.529779,0.374980,0.685577,-0.545715,-0.101338,1.739244,0.332894,0.141021,0.028170,0.361376,0.798202,10.074194,10.404220,1.252815,0.741328,0.088136,1.473555,1.419020,0.020000,0.018333,12.900000,0.890094,0.001536,-0.065055,1.345635,2.227299,1.014518
14,3,2012,250,0.048318,0.040479,0.529779,0.201801,0.030814,0.201356,0.161210,0.069189,0.102413,0.102413,0.065311,0.041198,0.051117,0.555351,0.043315,-0.474854,0.931342,0.055200,0.051574,0.963628,0.952325,0.036372,0.047675,0.813319,-0.054911,0.074601,0.927296,0.863629,0.070108,0.054191,0.030565,1.042968,0.058321,0.987602,0.110642,0.091666,0.161210,0.935379,0.935715,0.126323,0.129800,0.125816,0.095359,0.015228,0.010738,-0.577814,-0.554794,-1.089183,1.091080,0.435973,0.560389,0.149674,0.490140,-0.841899,0.173019,0.839884,0.362593,0.172117,0.034206,0.047055,0.889472,11.969575,12.084034,1.124263,0.828489,0.073138,1.522050,1.483600,0.030000,0.113333,12.300000,2.954568,0.015862,0.249542,1.439266,1.996101,1.024021
14,3,2011,250,0.051473,0.048318,0.560389,0.201356,0.034137,0.212273,0.170237,0.077652,0.108842,0.108842,0.072184,0.052895,0.068055,0.567499,0.056303,-0.444177,0.931539,0.047945,0.075134,0.940437,0.940574,0.059563,0.059426,0.799008,-0.046154,0.077441,0.946912,0.882085,0.074677,0.062319,0.033970,1.055849,0.071933,0.871423,0.130320,0.093252,0.170237,0.797984,0.804057,0.133547,0.138370,0.133039,0.121239,0.005900,0.019590,-0.623780,-0.634680,-0.976443,1.106119,0.454893,0.543727,0.157342,0.523179,-0.814845,0.159221,0.950692,0.336972,0.175564,0.035164,0.071375,0.771858,10.401112,9.811232,1.295575,0.715564,0.091530,1.406451,1.511580,0.220000,0.195000,11.300000,4.219903,0.080085,0.151835,1.151835,2.181925,1.043590
14,3,2010,250,0.049199,0.051473,0.543727,0.212273,0.032874,0.195272,0.157756,0.079566,0.109469,0.109469,0.073145,0.058327,0.076219,0.598462,0.027306,-0.464229,0.922551,0.102739,0.132379,0.940705,0.969704,0.059295,0.063876,0.718702,-0.169212,0.088120,0.898312,0.828738,0.076916,0.056660,0.032626,1.061940,0.078714,0.742908,0.146439,0.091529,0.157756,0.698938,0.703241,0.142980,0.138833,0.138200,0.072853,0.032674,0.032612,-0.748370,-0.758576,-1.094416,1.124136,0.424179,0.568178,0.150149,0.496799,-0.806203,0.031898,0.846117,0.331966,0.170205,0.031263,0.080492,0.676759,8.009402,8.177043,1.477631,0.625029,0.092148,1.477377,1.472760,0.180000,0.200000,10.300000,2.438991,0.024457,-0.011877,1.000000,2.630467,0.998044
14,3,2009,250,0.054373,0.049199,0.568178,0.195272,0.037251,0.187126,0.146941,0.094701,0.123881,0.123881,0.084870,0.065585,0.085320,0.524528,-0.001458,-0.484187,0.924590,0.162387,0.248623,1.000000,1.000000,0.068663,0.081206,0.577856,-0.040434,0.070618,0.998667,0.923358,0.090426,0.064957,0.036349,1.070189,0.086931,0.714028,0.134724,0.084266,0.146941,0.685725,0.713197,0.134757,0.154892,0.133803,0.068700,0.032552,0.018811,-0.793304,-0.758109,-1.204506,1.140525,0.418042,0.573885,0.165841,0.476323,-0.865243,-0.044496,0.787001,0.315532,0.186854,0.033176,0.095586,0.685006,8.093682,7.196997,1.459842,0.625474,0.092833,1.406695,1.364090,0.550000,2.405833,6.800000,2.753202,0.003161,0.115528,1.012020,2.521749,0.989960
14,3,2008,250,0.063261,0.054373,0.573885,0.187126,0.031891,0.180117,0.115565,0.081716,0.145732,0.145388,0.073292,0.049629,0.062581,0.684743,-0.028681,-0.463658,0.901010,0.342058,0.392068,1.000000,0.972752,0.094316,0.075660,0.562596,-0.062922,0.054306,0.998204,0.899391,0.078508,0.053621,0.030170,1.052221,0.089159,1.111711,0.096869,0.068731,0.115565,0.777561,0.821314,0.175936,0.166164,0.172599,0.163701,0.004449,0.004635,-0.690747,-0.662278,-1.206548,1.130032,0.405821,0.593104,0.168111,0.485402,-0.824064,0.524556,0.777309,0.495943,0.325383,0.058607,0.138092,0.783990,6.780903,7.577101,1.275527,0.710478,0.140947,1.337227,1.387310,5.770000,5.117500,5.600000,12.348720,0.146414,0.330241,0.907212,2.907131,1.055668
14,3,2007,250,0.045122,0.063261,0.593104,0.180117,0.014304,0.132964,0.072287,0.038627,0.112810,0.111745,0.035423,0.035035,0.046733,1.407219,-0.046544,-0.476909,0.909524,0.448041,0.501020,0.944015,0.952465,0.055985,0.047535,0.528700,0.041287,0.060123,0.474400,0.431478,0.034189,0.022693,0.013571,1.036307,0.086741,1.178115,0.087589,0.045563,0.072287,0.570845,0.590139,0.155247,0.115894,0.117024,0.107340,0.004842,0.004009,-0.966278,-1.010685,-1.201414,1.207805,0.398955,0.599946,0.182757,0.473256,-0.797460,0.360859,0.762437,0.651625,0.413231,0.054326,0.084344,0.559618,5.631245,7.547910,1.786933,0.520991,0.128321,1.429038,1.331220,4.580000,3.924167,6.900000,8.402534,0.192506,0.069444,0.681991,3.778226,1.000000
15,2,2013,700,0.046016,0.024779,0.296570,0.269861,0.032625,0.297953,0.242457,0.050416,0.060258,0.060124,0.042628,0.033136,0.041360,1.286605,0.000000,0.086871,0.581475,0.002477,0.005988,0.987069,0.666838,0.012931,0.333162,0.878233,-0.181445,0.045470,0.873492,0.507914,0.049605,0.098060,0.032734,1.034272,0.042755,1.956656,0.074950,0.080667,0.242457,1.858824,1.797605,1.263646,1.712913,1.258734,1.230349,0.014192,0.011530,0.080446,0.154480,0.131643,0.968155,0.664072,0.332788,-0.131550,1.142283,0.260237,-0.170604,2.015830,0.291228,0.150090,0.044720,0.006541,1.796529,2.593521,2.694189,0.556629,1.077821,0.379747,1.473555,1.419020,0.020000,0.018333,12.900000,0.890094,0.001536,-0.065055,1.345635,2.227299,1.014518
15,2,2012,700,0.062209,0.046016,0.332788,0.297953,0.045695,0.323558,0.258553,0.074255,0.077520,0.077554,0.056967,0.039355,0.048040,1.256127,0.000000,0.245131,0.616580,0.009275,0.007999,0.376344,0.513532,0.623656,0.486468,0.623656,0.031193,0.038407,0.961171,0.592639,0.072937,0.126588,0.046275,1.040967,0.048708,2.108958,0.073076,0.093331,0.258553,2.098261,2.031715,2.781818,1.878071,2.777922,2.767532,0.005195,0.016525,0.189529,0.135792,0.386370,1.030146,0.634447,0.365099,0.332468,1.398725,0.670577,0.045343,6.268831,0.265306,0.157100,0.050831,0.359335,2.031430,3.379552,3.443044,0.492264,1.277621,0.294930,1.522050,1.483600,0.030000,0.113333,12.300000,2.954568,0.015862,0.249542,1.439266,1.996101,1.024021
15,2,2011,700,0.056184,0.062209,0.365099,0.323558,0.040304,0.270527,0.215212,0.070308,0.078701,0.076244,0.054695,0.036905,0.045177,1.402445,0.000000,0.103502,0.640530,0.006801,0.026198,0.634831,0.616538,0.365169,0.329550,0.580812,0.081881,0.039207,0.965452,0.618400,0.068029,0.100691,0.040599,1.038319,0.046903,1.925483,0.071913,0.086144,0.215212,1.883841,1.823328,1.404357,1.303748,1.403676,1.358747,0.022464,0.030901,0.085776,0.066715,0.173431,1.053026,0.596794,0.399755,0.279101,1.161589,0.256698,0.099905,2.906739,0.282548,0.162939,0.044080,0.246715,1.823328,3.356762,3.492184,0.548448,1.197890,0.292996,1.406451,1.511580,0.220000,0.195000,11.300000,4.219903,0.080085,0.151835,1.151835,2.181925,1.043590
15,2,2010,700,0.030587,0.056184,0.399755,0.270527,0.018775,0.183588,0.151908,0.032834,0.040375,0.040196,0.024674,0.017956,0.021534,1.452799,0.000000,0.056672,0.673193,0.044388,0.030841,0.600382,0.562473,0.298092,0.437527,0.590076,0.084586,0.047314,0.929592,0.625794,0.032157,0.039313,0.017688,1.018284,0.026652,1.730859,0.063215,0.072548,0.151908,1.606122,1.631722,1.209790,1.241221,1.208519,1.130960,0.038779,0.030534,0.052414,0.050191,0.103028,1.114290,0.550060,0.444117,0.449460,1.016327,0.125954,-0.035539,2.532740,0.387097,0.149688,0.027481,0.243834,1.631722,3.308460,3.872079,0.612849,1.147962,0.292249,1.477377,1.472760,0.180000,0.200000,10.300000,2.438991,0.024457,-0.011877,1.000000,2.630467,0.998044
15,2,2009,700,0.033308,0.030587,0.444117,0.183588,0.016248,0.230618,0.178116,0.027755,0.040690,0.042128,0.020550,0.014087,0.017118,1.478510,0.000000,0.058652,0.737425,0.016855,0.050324,0.513739,0.494938,0.616781,0.567695,0.855250,-0.044267,0.043162,0.956281,0.705185,0.027353,0.041217,0.016314,1.021349,0.026379,1.873977,0.055607,0.070213,0.178116,1.719252,1.729043,1.288443,1.296860,1.277937,1.241643,0.018147,0.022835,0.046262,0.047794,0.098339,1.042059,0.601096,0.396660,0.302770,1.139847,0.148184,0.064232,4.133715,0.513089,0.208511,0.048086,0.409313,1.729043,4.839140,4.789435,0.578355,1.270410,0.202053,1.406695,1.364090,0.550000,2.405833,6.800000,2.753202,0.003161,0.115528,1.012020,2.521749,0.989960
15,2,2008,700,0.036909,0.033308,0.396660,0.230618,0.018681,0.209144,0.157537,0.032373,0.044861,0.045404,0.022980,0.017155,0.021414,1.635574,0.000000,0.062030,0.723175,0.084177,0.070430,0.477592,0.419107,0.522408,0.580893,0.746492,-0.090191,0.041660,0.888652,0.642651,0.031858,0.043006,0.018301,1.017454,0.030600,1.827771,0.056733,0.068430,0.157537,1.633990,1.648925,1.305213,1.448697,1.289100,1.234123,0.027488,0.042152,0.052494,0.065944,0.107981,1.036288,0.574456,0.422317,0.239810,1.101758,0.145767,0.390299,3.920379,0.492823,0.222944,0.046627,0.386989,1.644724,4.454611,4.696784,0.608005,1.218151,0.216987,1.337227,1.387310,5.770000,5.117500,5.600000,12.348720,0.146414,0.330241,0.907212,2.907131,1.055668
15,2,2007,700,0.043553,0.036909,0.422317,0.209144,0.029258,0.223602,0.179646,0.049637,0.051267,0.050792,0.034121,0.034962,0.048000,1.411570,0.000000,0.097791,0.743976,0.056430,0.059820,0.357382,0.347233,0.642618,0.652767,0.695174,-0.046158,0.054807,0.916329,0.681727,0.048493,0.066890,0.028112,1.036229,0.047235,1.343893,0.085222,0.078579,0.179646,1.196961,1.224705,1.651070,1.707704,1.629679,1.504011,0.062834,0.074773,0.110381,0.106188,0.168687,1.087884,0.579719,0.414758,0.561497,1.142240,0.232680,0.209098,5.657754,0.327586,0.162393,0.036312,0.465882,1.213922,3.572470,3.902698,0.823776,0.925918,0.265639,1.429038,1.331220,4.580000,3.924167,6.900000,8.402534,0.192506,0.069444,0.681991,3.778226,1.000000
16,1,2013,500,-0.023941,-0.025755,1.034358,0.006987,-0.089996,0.010082,-0.044739,0.263764,0.071540,0.049608,0.268930,-0.129870,-0.140647,0.539158,-0.336245,-1.256769,0.878603,0.000000,0.000000,0.994329,0.995114,0.005671,0.004886,0.000000,0.000000,0.040712,1.000000,0.878603,0.233032,-0.064902,-0.089956,0.979644,-0.024675,0.781726,-0.092208,-0.062036,-0.044739,0.785714,0.781726,0.088086,0.087070,0.088086,0.073511,0.006971,0.004255,-1.868831,-1.811039,3.255656,1.033595,-0.386026,1.389771,0.019011,-0.430417,-0.906742,-0.014085,-0.274398,-5.250000,5.250000,0.052930,-0.020362,0.761246,5.539568,5.789474,1.313636,0.672783,0.164935,1.473555,1.419020,0.020000,0.018333,12.900000,0.890094,0.001536,-0.065055,1.345635,2.227299,1.014518
16,1,2012,500,-0.031275,-0.016601,1.389771,0.010082,-0.120835,0.005394,-0.072151,0.504638,0.132083,0.090056,0.510319,-0.170294,-0.183956,0.507413,-0.217657,-1.180070,0.888986,0.000000,0.000000,0.995954,0.997849,0.004046,0.002151,0.000000,0.000000,0.035627,1.000000,0.888986,0.401180,-0.091706,-0.118881,0.959459,-0.030730,0.786902,-0.137004,-0.095069,-0.072151,0.788889,0.786902,0.085985,0.074713,0.085985,0.082600,0.001354,0.006825,-1.728553,-1.649168,3.982301,1.005714,-0.296329,1.296848,0.003385,-0.327434,-0.910317,0.167414,-0.225457,-5.333333,14.000000,0.075523,-0.017699,0.764562,6.149606,7.509615,1.307939,0.693914,0.158771,1.522050,1.483600,0.030000,0.113333,12.300000,2.954568,0.015862,0.249542,1.439266,1.996101,1.024021
17,1,2014,500,0.015940,0.007966,0.287701,0.213262,0.014623,0.198151,0.196830,0.022989,0.024857,0.024857,0.022805,0.017445,0.022418,0.608891,0.000000,-0.166586,0.803563,0.000000,0.000000,0.996037,0.985934,0.003963,0.014066,0.000000,0.066979,0.071384,0.956860,0.768897,0.022727,0.039630,0.014444,1.005009,0.020412,0.995959,0.093009,0.072630,0.196830,0.962740,0.950178,0.541114,0.486413,0.523873,0.521220,0.001326,0.005435,-0.215980,-0.235955,-0.262121,1.047949,0.635532,0.364162,0.110080,0.792690,-0.457067,0.209970,1.754642,0.096774,0.020690,0.003963,0.002273,0.945970,3.926471,4.474860,1.057116,0.780892,0.245943,1.474000,1.483000,0.020000,0.035000,11.400000,-1.418184,0.017866,-0.042470,1.288486,2.197621,1.018173
17,1,2013,500,0.008212,0.015940,0.364162,0.198151,0.006431,0.183424,0.176630,0.010136,0.012628,0.012628,0.009890,0.009777,0.013739,0.466008,0.000000,-0.202369,0.847976,0.000000,0.000000,0.975543,0.956698,0.024457,0.043302,0.067935,0.000000,0.082511,0.951688,0.807009,0.010078,0.017663,0.006417,1.009873,0.012538,0.895805,0.098187,0.064309,0.176630,0.775176,0.797831,0.428969,0.500707,0.396936,0.377437,0.009749,0.014851,-0.309668,-0.266616,-0.317829,1.009063,0.636723,0.361070,0.020891,0.761350,-0.557065,-0.166772,1.821727,0.222222,0.029630,0.005435,0.013953,0.794003,4.298701,3.740113,1.259441,0.654959,0.209970,1.473555,1.419020,0.020000,0.018333,12.900000,0.890094,0.001536,-0.065055,1.345635,2.227299,1.014518
17,1,2012,500,0.010433,0.008212,0.361070,0.183424,0.008610,0.180593,0.169811,0.013423,0.015483,0.015483,0.012777,0.011725,0.016080,0.681748,0.000000,-0.146753,0.801686,0.000000,0.000000,0.938005,0.909605,0.061995,0.090395,0.067385,0.000000,0.058192,0.826840,0.662866,0.013333,0.022911,0.008428,1.011864,0.012964,1.151867,0.079295,0.063814,0.169811,0.986344,1.022194,0.574713,0.642857,0.543103,0.502874,0.020115,0.082298,-0.186281,-0.144745,-0.232157,0.982546,0.632127,0.363455,-0.048851,0.816945,-0.398922,-0.093554,1.897989,0.160000,0.031250,0.005391,0.036078,1.018263,3.972500,3.838164,0.982064,0.804761,0.229075,1.522050,1.483600,0.030000,0.113333,12.300000,2.954568,0.015862,0.249542,1.439266,1.996101,1.024021
18,1,2013,500,-0.024490,0.011740,0.150118,0.186207,-0.024490,0.127389,0.127389,-0.029228,-0.029228,-0.029228,-0.029228,-0.027487,-0.030657,0.841411,-0.002312,0.119075,0.699422,0.000000,0.000819,1.000000,1.000000,0.000000,0.000000,0.000000,0.000000,0.052229,1.000000,0.699422,-0.029661,-0.133758,-0.024277,0.973248,-0.027595,1.247541,0.026281,0.023324,0.127389,1.257851,1.246519,1.656051,1.776978,1.656051,0.254777,0.700637,0.852518,0.135348,0.141919,0.145480,1.019565,0.818497,0.062252,0.114650,1.170248,0.656051,0.107715,4.509554,0.000000,0.000000,0.000000,0.000000,1.246519,2.926923,3.080972,0.802234,0.887464,0.197109,1.473555,1.419020,0.020000,0.018333,12.900000,0.890094,0.001536,-0.065055,1.345635,2.227299,1.014518
18,1,2012,500,-0.043133,-0.024490,0.062252,0.127389,-0.043133,0.016529,0.016529,-0.050802,-0.050802,-0.050802,-0.050802,-0.055152,-0.061389,0.699318,0.042353,0.132941,0.724706,0.001623,0.008006,1.000000,1.000000,0.000000,0.000000,0.000000,0.000000,0.055021,0.998377,0.723529,-0.052126,-0.314050,-0.044706,0.947730,-0.055313,1.108959,0.002911,0.002270,0.016529,1.115260,1.100080,1.933884,1.928571,1.933884,-0.165289,1.049587,1.195489,0.164483,0.179767,0.155007,0.962651,0.857647,-0.008299,-0.256198,1.183442,0.933884,-0.066576,6.024793,0.000000,0.000000,0.000000,0.000000,1.100080,2.935897,2.678363,0.909025,0.779796,0.155750,1.522050,1.483600,0.030000,0.113333,12.300000,2.954568,0.015862,0.249542,1.439266,1.996101,1.024021
18,1,2011,500,0.018317,-0.043133,-0.008299,0.016529,0.018317,0.386207,0.372414,0.021080,0.021080,0.021178,0.021178,0.024357,0.028617,0.875137,0.021930,0.146930,0.694079,0.014218,0.022746,1.000000,1.000000,0.000000,0.000000,0.000000,0.000000,0.052705,0.985782,0.684211,0.020860,0.110345,0.017544,1.024965,0.021739,1.223608,0.073370,0.061820,0.372414,1.162717,1.195776,1.924138,2.222707,1.924138,-0.710345,1.317241,1.537118,0.182065,0.190217,0.174707,1.143416,0.841009,-0.063800,0.758621,1.211690,0.924138,0.212521,5.289655,0.000000,0.000000,0.000000,0.000000,1.195776,2.637993,2.891945,0.836277,0.845977,0.119565,1.406451,1.511580,0.220000,0.195000,11.300000,4.219903,0.080085,0.151835,1.151835,2.181925,1.043590
19,1,2013,500,-0.022094,-0.029567,0.430191,0.032680,-0.025754,0.037037,0.026455,-0.045077,-0.024274,-0.023264,-0.027626,-0.054519,-0.063333,0.348894,-0.028070,0.016842,0.899649,0.000000,0.000000,0.206349,0.163180,0.793651,0.836820,0.000000,0.000000,0.072503,1.000000,0.899649,-0.048223,-0.067019,-0.026667,0.953488,-0.045911,0.535742,0.021521,0.010166,0.026455,0.546238,0.535742,1.205128,1.712821,1.025641,0.940171,0.042735,0.041026,0.034433,0.099713,0.030457,1.072189,0.581550,0.416296,0.521368,0.965679,0.042328,-0.011348,10.581197,-0.187500,0.285714,0.010582,0.571066,0.533691,4.943262,4.173653,1.873745,0.473184,0.164993,1.473555,1.419020,0.020000,0.018333,12.900000,0.890094,0.001536,-0.065055,1.345635,2.227299,1.014518
19,1,2012,500,0.004962,-0.021688,0.416296,0.037037,0.001985,0.095541,0.087580,0.003337,0.005201,0.005208,0.002083,0.004255,0.005059,0.311190,-0.028178,0.075360,0.871560,0.000000,0.000000,0.124204,0.113469,0.875796,0.886531,0.000000,0.000000,0.074074,0.998496,0.870249,0.003341,0.004777,0.001966,1.004274,0.010638,0.531674,0.078014,0.036388,0.087580,0.531674,0.530873,2.474359,2.769784,2.217949,2.141026,0.038462,0.071942,0.163121,0.174468,0.128062,1.092715,0.588467,0.410374,0.897436,1.088722,0.183121,-0.024896,18.564103,0.625000,0.083333,0.007962,0.612472,0.535308,3.652850,3.662338,1.868085,0.467042,0.241135,1.522050,1.483600,0.030000,0.113333,12.300000,2.954568,0.015862,0.249542,1.439266,1.996101,1.024021
19,1,2011,500,0.007455,0.004962,0.410374,0.095541,0.004538,0.137353,0.127303,0.007765,0.008321,0.008324,0.005067,0.010929,0.013158,0.397480,-0.034068,0.087508,0.871075,0.000000,0.000000,0.102178,0.250390,0.897822,0.749610,0.000000,0.000000,0.095304,1.018405,0.887108,0.007778,0.011725,0.004676,1.011050,0.015906,0.531422,0.105118,0.049271,0.127303,0.543609,0.530642,3.147541,1.199377,2.983607,2.754098,0.114754,0.028037,0.181189,0.044260,0.145556,0.905295,0.601202,0.395973,-1.524590,1.101227,0.219430,0.110599,23.540984,0.384615,0.060976,0.008375,0.595556,0.535754,3.765625,3.755844,1.866528,0.468872,0.242047,1.406451,1.511580,0.220000,0.195000,11.300000,4.219903,0.080085,0.151835,1.151835,2.181925,1.043590
20,2,2014,500,-0.006327,-0.022013,0.092391,0.203540,-0.006327,0.326667,0.326667,-0.009778,-0.009144,-0.009020,-0.009020,-0.004274,-0.004669,2.839290,0.149847,0.360092,0.525229,0.062591,0.050106,1.000000,0.869018,0.000000,0.130982,0.000000,0.095718,0.023211,0.937409,0.492355,-0.009499,-0.073333,-0.008410,0.995745,-0.004389,3.723626,0.019553,0.028185,0.326667,3.647744,3.537050,4.140000,1.987440,4.046667,3.820000,0.113333,0.031884,0.187949,0.203911,0.406736,1.013904,0.885321,0.103021,0.340000,1.685590,3.140000,-0.686240,7.720000,0.000000,0.000000,0.000000,0.000000,3.537050,4.035427,2.436558,0.282721,1.442717,0.235435,1.474000,1.483000,0.020000,0.035000,11.400000,-1.418184,0.017866,-0.042470,1.288486,2.197621,1.018173
21,1,2013,500,-0.036522,-0.004794,0.100743,0.290076,-0.038488,0.000000,-0.040134,-0.041722,-0.039140,-0.038906,-0.041246,-0.189751,-0.227197,0.131451,-0.195122,-0.054601,0.983093,0.026420,0.025813,0.862876,0.862676,0.137124,0.137324,0.344482,0.021127,0.150175,0.968706,0.952328,-0.042611,-0.471572,-0.039080,0.840512,-0.184211,0.207889,-0.016620,-0.003276,-0.040134,0.205114,0.201479,0.236434,0.214286,0.220930,-0.050388,0.135659,0.093878,-0.272853,-0.266620,-0.059535,1.052311,0.917129,0.073887,0.166667,0.944460,-0.658863,-0.081425,12.984496,-0.062016,1.000000,0.026756,0.012390,0.199945,11.836066,13.752381,5.001385,0.197079,0.030471,1.473555,1.419020,0.020000,0.018333,12.900000,0.890094,0.001536,-0.065055,1.345635,2.227299,1.014518
21,1,2012,500,-0.031550,-0.036304,0.073887,0.000000,-0.033462,0.044610,-0.003717,-0.035867,-0.033493,-0.033268,-0.035523,-0.153944,-0.182504,0.130238,-0.151385,-0.050551,0.988169,0.025226,0.020896,0.862454,0.865347,0.137546,0.134653,0.405204,-0.027723,0.137817,0.970068,0.958591,-0.036522,-0.468401,-0.033880,0.866593,-0.150127,0.218942,-0.001272,-0.000266,-0.003717,0.215520,0.213297,0.189655,0.237986,0.172414,0.077586,0.047414,0.052632,-0.239186,-0.211832,-0.054493,1.011905,0.927669,0.069579,0.047414,0.948844,-0.698885,0.299174,15.030172,-0.070796,0.666667,0.029740,0.010725,0.211660,17.863636,15.115385,4.724555,0.208737,0.036896,1.522050,1.483600,0.030000,0.113333,12.300000,2.954568,0.015862,0.249542,1.439266,1.996101,1.024021
21,1,2011,500,-0.025676,-0.031337,0.069579,0.044610,-0.027315,0.101695,0.042373,-0.028938,-0.027008,-0.026816,-0.028732,-0.161983,-0.200820,0.116298,-0.114638,-0.038038,0.984260,0.016653,0.020443,0.868644,0.879350,0.131356,0.120650,0.432203,-0.134571,0.165230,0.978678,0.963274,-0.029362,-0.444915,-0.027545,0.869253,-0.161983,0.164783,0.016529,0.002601,0.042373,0.162503,0.160627,0.292683,0.253298,0.273171,0.156098,0.058537,0.050132,-0.239669,-0.233884,-0.040548,1.032764,0.938090,0.058947,0.112195,0.961354,-0.614407,0.150190,17.595122,-0.076923,0.291667,0.029661,0.008669,0.159378,10.083333,12.604167,6.274380,0.157388,0.072727,1.406451,1.511580,0.220000,0.195000,11.300000,4.219903,0.080085,0.151835,1.151835,2.181925,1.043590
24,2,2014,600,-0.006207,-0.016152,0.632260,0.036608,-0.025157,0.059253,0.028715,-0.065434,-0.007787,-0.005146,-0.031561,-0.043590,-0.052686,0.552404,-0.144344,-0.136466,0.943725,0.085969,0.084084,0.312215,0.329631,0.687785,0.670369,0.000000,0.000000,0.063473,0.820215,0.774057,-0.067647,-0.041933,-0.025886,0.958231,-0.006460,0.831364,0.027132,0.017227,0.028715,0.712926,0.697297,0.291971,0.319407,0.221898,0.011679,0.105109,0.140162,-0.208872,-0.217485,-0.356618,0.977677,0.382667,0.609420,-0.093431,0.855397,-0.221057,-0.172782,4.188321,-3.080000,0.592308,0.035096,1.109559,0.678947,11.610000,9.797468,1.472868,0.634947,0.034453,1.474000,1.483000,0.020000,0.035000,11.400000,-1.418184,0.017866,-0.042470,1.288486,2.197621,1.018173
24,2,2013,600,-0.008986,-0.004102,0.609420,0.059253,-0.028030,0.056759,0.028163,-0.067864,-0.010858,-0.008302,-0.033870,-0.040156,-0.046849,0.625423,-0.107979,-0.139628,0.927128,0.082280,0.042017,0.346187,0.293773,0.653813,0.706227,0.000000,0.000000,0.057055,0.829891,0.769415,-0.070248,-0.044194,-0.027128,0.961394,-0.008906,0.956388,0.023156,0.017862,0.028163,0.824860,0.842437,0.342929,0.364940,0.274093,-0.066333,0.170213,0.147410,-0.187032,-0.141967,-0.361570,1.130665,0.386170,0.599338,0.494368,0.849398,-0.227470,-0.133107,3.705882,-2.138889,0.587786,0.033362,1.039256,0.823167,10.244526,12.257642,1.214820,0.771366,0.029569,1.473555,1.419020,0.020000,0.018333,12.900000,0.890094,0.001536,-0.065055,1.345635,2.227299,1.014518
24,2,2012,600,-0.031078,-0.006870,0.599338,0.056759,-0.050021,0.019348,-0.009674,-0.111212,-0.035901,-0.033470,-0.057783,-0.062558,-0.068535,0.685084,-0.063388,-0.077317,0.947698,0.000000,0.000000,0.232179,0.244163,0.767821,0.755837,0.000000,0.000000,0.047564,0.909418,0.861853,-0.117761,-0.093177,-0.052018,0.941125,-0.032736,1.054208,-0.005868,-0.005193,-0.009674,0.992947,0.972811,0.403509,0.542218,0.278509,0.063596,0.107456,0.230926,-0.084002,-0.069487,-0.175032,0.974840,0.441728,0.552032,-0.223684,0.918416,-0.138493,-0.126988,6.714912,-0.611111,2.026316,0.039206,0.970399,0.954599,17.597826,12.150094,1.047560,0.885062,0.024089,1.522050,1.483600,0.030000,0.113333,12.300000,2.954568,0.015862,0.249542,1.439266,1.996101,1.024021
24,2,2011,600,-0.007586,-0.028974,0.552032,0.019348,-0.024287,0.054316,0.026188,-0.049958,-0.008390,-0.006338,-0.026860,-0.026634,-0.029066,0.942027,-0.035272,-0.046854,0.908134,0.000000,0.012286,0.255577,0.186405,0.744423,0.813595,0.000000,0.000000,0.037474,0.918261,0.833904,-0.051238,-0.043162,-0.023427,0.974057,-0.005662,1.236746,0.014559,0.014736,0.026188,1.092167,1.125133,0.662239,0.907407,0.592030,-0.083491,0.337761,0.450142,-0.047991,-0.008762,-0.102476,1.041898,0.457226,0.520298,0.343454,0.948406,-0.086324,7.894484,6.208729,-2.193548,0.607143,0.032978,0.883708,1.108488,10.627507,11.645212,0.902130,1.012144,0.036128,1.406451,1.511580,0.220000,0.195000,11.300000,4.219903,0.080085,0.151835,1.151835,2.181925,1.043590
